0,Small business optimism maintains postelection surge.,/home/jncsnlp4/SSD2/tb/data/MR2-en/train/img/6406.jpg,1
1,Unemployment has recently achieved the lowest rate in years.,/home/jncsnlp4/SSD2/tb/data/MR2-en/train/img/6407.jpg,1
2,Indian army is killing thousands of Kashmirs and they brutally torturing woman physically assaulted the woman kashmir by the Indian army burning their houses .,/home/jncsnlp4/SSD2/tb/data/MR2-en/train/img/6408.jpg,1
3,excellent analysis by CamillaHodgson on why no one has a clue about the genuine mortality rate for COVID FT ,/home/jncsnlp4/SSD2/tb/data/MR2-en/train/img/6409.jpg,1
4,"Brazilian health regulator Anvisa on Friday approved clinical trials of a potential coronavirus vaccine developed by Chinas Sinovac,according to an official gazette publication.",/home/jncsnlp4/SSD2/tb/data/MR2-en/train/img/6410.jpg,1
5,MOH says u Eat a lot of Citrus and Alkaline water hot lemon water too .,/home/jncsnlp4/SSD2/tb/data/MR2-en/train/img/6411.jpg,1
6,"Dropping nuclear bombs into hurricanes is hard to fathom, but it's not the first time nuclear explosions were considered for a variety of noncombat purposes, from melting the polar icecaps to nuking the moon.",/home/jncsnlp4/SSD2/tb/data/MR2-en/train/img/6412.jpg,1
7,So many Americans celebs included considered moving to Canada last night that the immigration site CRASHED,/home/jncsnlp4/SSD2/tb/data/MR2-en/train/img/6413.jpg,1
8,A photo of Kangana Ranaut is viral in which Mark Manuel is claimed as Abu Salem.,/home/jncsnlp4/SSD2/tb/data/MR2-en/train/img/6414.jpg,1
9,BREAKING Fmr.,/home/jncsnlp4/SSD2/tb/data/MR2-en/train/img/6415.jpg,1
10,Max Blumenthal shows us all the COLGANE toothpaste available in Venezuela.,/home/jncsnlp4/SSD2/tb/data/MR2-en/train/img/6416.jpg,1
11,Today thousands of people marched from Downing Street to the Indian High Commission to send a clear message to Mr Modi you cannot silence the people of Kashmir.,/home/jncsnlp4/SSD2/tb/data/MR2-en/train/img/6417.jpg,1
12,"In a big shock to PM Modi and ruling BJP, Pakistani flags raised in Indian state ",/home/jncsnlp4/SSD2/tb/data/MR2-en/train/img/6418.jpg,1
13,"Doctors with DrsCovidEthics say Covid vaccines are unnecessary and ineffective, halt the use of covid vaccines in children and adolescents Article in ChildrensHD ",/home/jncsnlp4/SSD2/tb/data/MR2-en/train/img/6419.jpg,1
14,Your mask protects others amp,/home/jncsnlp4/SSD2/tb/data/MR2-en/train/img/6420.jpg,1
15,'There is an increased risk with the new variant' Chief Scientific Adviser Sir Patrick Vallance gives an update on the new coronavirus variants ,/home/jncsnlp4/SSD2/tb/data/MR2-en/train/img/6421.jpg,1
16,"The proposed D model of Shri Ram Janmabhoomi Mandir, Ayodhya.",/home/jncsnlp4/SSD2/tb/data/MR2-en/train/img/6422.jpg,1
17,"Some people are posting this video, claiming it shows a US soldier deliberately spreading coronavirus in Wuhan before the outbreak, and so supports the conspiracy theory that the virus is from the US.",/home/jncsnlp4/SSD2/tb/data/MR2-en/train/img/6423.jpg,1
18,"Researchers have announced the first known case of a baby born to a partially vaccinated mother who was born with coronavirus antibodies, possibly signaling that mothers can pass on their vaccine protection to their children.",/home/jncsnlp4/SSD2/tb/data/MR2-en/train/img/6424.jpg,1
19,Kris Kobach in Breitbart column now echoing Trump lie voter fraud changed election in NH.,/home/jncsnlp4/SSD2/tb/data/MR2-en/train/img/6425.jpg,1
20,Monday's front page Rollout of UK vaccine faces years of delay DavidParsleyPW deankirby TomorrowsPapersToday ,/home/jncsnlp4/SSD2/tb/data/MR2-en/train/img/6426.jpg,1
21,"BOMBSHELL Drugs, Illegal Foods For Terrorists Allegedly Found On Seized Clinton Foundation Cargo Ship",/home/jncsnlp4/SSD2/tb/data/MR2-en/train/img/6427.jpg,1
22,Doctors with Covid forced to treat,/home/jncsnlp4/SSD2/tb/data/MR2-en/train/img/6428.jpg,1
23,The final NYTSiena polls of all have good news for Biden.,/home/jncsnlp4/SSD2/tb/data/MR2-en/train/img/6429.jpg,1
24,WATCH West Bengal Police resorted to lathicharge as members of a Durga Pooja committee took out a procession for Durga idol immersion in Birbhum yesterday evening.,/home/jncsnlp4/SSD2/tb/data/MR2-en/train/img/6430.jpg,1
25,Congress Passes Bill Repealing CountryOfOrigin Meat Labeling Rule,/home/jncsnlp4/SSD2/tb/data/MR2-en/train/img/6431.jpg,1
26,Someone just told me Theres only deaths from coronavirus in the US.,/home/jncsnlp4/SSD2/tb/data/MR2-en/train/img/6432.jpg,1
27,An Italian journalist gave dogs food to Mike Pompeo saying take it three times a day so that it may help making you Americans faithful and sincere.,/home/jncsnlp4/SSD2/tb/data/MR2-en/train/img/6433.jpg,1
28,India's brutality is unacceptable.,/home/jncsnlp4/SSD2/tb/data/MR2-en/train/img/6434.jpg,1
29,The North East of England has the highest rate of coronavirus infection in the country double that of London according to new data.,/home/jncsnlp4/SSD2/tb/data/MR2-en/train/img/6435.jpg,1
30,Glimpses of Atal Tunnel Rohtang inaugurated by Honourable PM ji in Himachal Pradesh.,/home/jncsnlp4/SSD2/tb/data/MR2-en/train/img/6436.jpg,1
31,Trump Sets Ominous Stage for November 'Im Afraid the Elections Going to be Rigged',/home/jncsnlp4/SSD2/tb/data/MR2-en/train/img/6437.jpg,1
32,We fight together Covid CoronaVirus ,/home/jncsnlp4/SSD2/tb/data/MR2-en/train/img/6438.jpg,1
33,Tel Aviv city hall lights up as Lebanese flag in show of solidarity,/home/jncsnlp4/SSD2/tb/data/MR2-en/train/img/6439.jpg,1
34,Astonishing clip captures Great White shark leaping through the air in front of boat tour in Australia ,/home/jncsnlp4/SSD2/tb/data/MR2-en/train/img/6440.jpg,1
35, Video shows former Pakistan President Asif Ali Zardari in hospital in ?,/home/jncsnlp4/SSD2/tb/data/MR2-en/train/img/6441.jpg,1
36,"White House claims FBI, NSA told Congress that Russia did not influence election",/home/jncsnlp4/SSD2/tb/data/MR2-en/train/img/6442.jpg,1
37,A photo taken during a large barrage of rockets from Gaza into Israel shows the Iron Dome in action.,/home/jncsnlp4/SSD2/tb/data/MR2-en/train/img/6443.jpg,1
38,Gold Coast Hospital Staff Roll In A Volleyball To Keep Tom Hanks Company In Quarantine CoronavirusPandemic TomHanks ,/home/jncsnlp4/SSD2/tb/data/MR2-en/train/img/6444.jpg,1
39,"Cool paper when people wear face masks, others keep a larger physical distance.",/home/jncsnlp4/SSD2/tb/data/MR2-en/train/img/6445.jpg,1
40,Walkins welcome for everyone eligible for first or second doses of COVID vaccines.,/home/jncsnlp4/SSD2/tb/data/MR2-en/train/img/6446.jpg,1
41,"Similar to his initial response to Charlottesville, Trump responds to the white nationalist attack in New Zealand with I don't know enough about it yet while downplaying the rise in white nationalism",/home/jncsnlp4/SSD2/tb/data/MR2-en/train/img/6447.jpg,1
42,"Joe Biden has said it many times, he is NOT defunding police, NOT taking your guns away, BUT TRUMP HAS SAID, HE'S TAKING YOUR SOCIAL SECURITY, YOUR MEDICARE AND HEALTHCARE PROTECTIONS LIKE PREEXISTING CONDITIONS.",/home/jncsnlp4/SSD2/tb/data/MR2-en/train/img/6448.jpg,1
43,"Raped by minor cousin, yearold Hathras girl dies at Delhi hospital ",/home/jncsnlp4/SSD2/tb/data/MR2-en/train/img/6449.jpg,1
44,Will coronavirus force Portland men to finally shave off their hipster beards?,/home/jncsnlp4/SSD2/tb/data/MR2-en/train/img/6450.jpg,1
45,"China is building two new hospitals to treat patients affected by the coronavirus, with construction moving at an astonishing pace.",/home/jncsnlp4/SSD2/tb/data/MR2-en/train/img/6451.jpg,1
46,Videos claim to show violent protests in China amid ChineseVirus fears ,/home/jncsnlp4/SSD2/tb/data/MR2-en/train/img/6452.jpg,1
47,Cyclone Amphan is expected to reach the coasts of India and Bangladesh on Wednesday with winds potentially up to mph.,/home/jncsnlp4/SSD2/tb/data/MR2-en/train/img/6453.jpg,1
48,Mrs.,/home/jncsnlp4/SSD2/tb/data/MR2-en/train/img/6454.jpg,1
49,President Trump boarded Marine One to travel to Walter Reed hospital.,/home/jncsnlp4/SSD2/tb/data/MR2-en/train/img/6455.jpg,1
50,Dr.,/home/jncsnlp4/SSD2/tb/data/MR2-en/train/img/6456.jpg,1
51,Pro Palestinian crowd has gathered in front of the Israeli Consulate in Los Angeles to show support for Palestinians.,/home/jncsnlp4/SSD2/tb/data/MR2-en/train/img/6457.jpg,1
52,GOP lawmaker claims many mass shooters end up being Democrats ,/home/jncsnlp4/SSD2/tb/data/MR2-en/train/img/6458.jpg,1
53,Our plan will bring tax relief to middleclass families amp,/home/jncsnlp4/SSD2/tb/data/MR2-en/train/img/6459.jpg,1
54,Do you think you or someone you love may have COVID?,/home/jncsnlp4/SSD2/tb/data/MR2-en/train/img/6460.jpg,1
55,ProBeijing lawmaker Junius Ho was injured in a knife attack whilst campaigning on Wednesday morning.,/home/jncsnlp4/SSD2/tb/data/MR2-en/train/img/6461.jpg,1
56,Protested in favour of farmers today in Delhi and participated in Tiranga Yatra on CongressFoundationDay with NSUI activists against Modi govt and his autocratic policies.,/home/jncsnlp4/SSD2/tb/data/MR2-en/train/img/6462.jpg,1
57,Armenia's kamikadze dron was successfully destroyed by Azerbaijan's air defence forces.,/home/jncsnlp4/SSD2/tb/data/MR2-en/train/img/6463.jpg,1
58,Celebutards Call For Total Hollywood Strike Until Trump Resigns Video ,/home/jncsnlp4/SSD2/tb/data/MR2-en/train/img/6464.jpg,1
59,BJP leaders shared a video of people dancing with swords and guns.,/home/jncsnlp4/SSD2/tb/data/MR2-en/train/img/6465.jpg,1
60,"WATCH Video Shows Hitting Damascus, Syrian Defense Systems Engaging",/home/jncsnlp4/SSD2/tb/data/MR2-en/train/img/6466.jpg,1
61,"Trump says autism is on the rise, but experts who study autism disagree",/home/jncsnlp4/SSD2/tb/data/MR2-en/train/img/6467.jpg,1
62,FLASHBACK Jan.,/home/jncsnlp4/SSD2/tb/data/MR2-en/train/img/6468.jpg,1
63,Fact Check of the Day President Trump falsely claimed that were now exporting energy for the first time.,/home/jncsnlp4/SSD2/tb/data/MR2-en/train/img/6469.jpg,1
64,"In police shootings, black victims are twice as likely to be unarmed as whites ",/home/jncsnlp4/SSD2/tb/data/MR2-en/train/img/6470.jpg,1
65,Screenshot of an animated video is viral claimed as of real PIA plane crash.,/home/jncsnlp4/SSD2/tb/data/MR2-en/train/img/6471.jpg,1
66,"FM Sergey Lavrov As for allegations regarding Russia meddling in the US election, today I handed over to SecPompeo a copy of an article published in the US in claiming that the USSR would try to interfere in US presidential election ",/home/jncsnlp4/SSD2/tb/data/MR2-en/train/img/6472.jpg,1
67,Israel has named it's one fighter plane as in the memory of the Indian Nurse who died in Hamas rocket attack.,/home/jncsnlp4/SSD2/tb/data/MR2-en/train/img/6473.jpg,1
68,Arizona voters fear ballots weren't counted because they used Sharpies,/home/jncsnlp4/SSD2/tb/data/MR2-en/train/img/6474.jpg,1
69,"Morgan and Katie Harris of Pennsylvania voted for Trump in , but now support Biden.",/home/jncsnlp4/SSD2/tb/data/MR2-en/train/img/6475.jpg,1
70,Did Wisconsin count more votes than it has voters?,/home/jncsnlp4/SSD2/tb/data/MR2-en/train/img/6476.jpg,1
71,WATCH Comey fires back at Trump claim he leaked classified info He's just wrong ,/home/jncsnlp4/SSD2/tb/data/MR2-en/train/img/6477.jpg,1
72,Donald Trump presented President Mozzarella with a hat after today's press conference with a slogan he suggested to the Italian President.,/home/jncsnlp4/SSD2/tb/data/MR2-en/train/img/6478.jpg,1
73,Dr.,/home/jncsnlp4/SSD2/tb/data/MR2-en/train/img/6479.jpg,1
74, Russian citizens may have been killed in Syria during clashes with USled forces,/home/jncsnlp4/SSD2/tb/data/MR2-en/train/img/6480.jpg,1
75,Bhakts placed a Bible and a statue of Jesus in the shelf behind Sonia Gandhi.,/home/jncsnlp4/SSD2/tb/data/MR2-en/train/img/6481.jpg,1
76,The video shows the timeline of the yearold Tabrez Ansari's mob lynching case that started in June .,/home/jncsnlp4/SSD2/tb/data/MR2-en/train/img/6482.jpg,1
77,"Latest figures for the spread of coronavirus in Syria, Sunday September ",/home/jncsnlp4/SSD2/tb/data/MR2-en/train/img/6483.jpg,1
78,"JUST IN A lawsuit about mailin ballots has been filed against County Executive Rich Fitzgerald, other Pennsylvania elected officials and several county election boards.",/home/jncsnlp4/SSD2/tb/data/MR2-en/train/img/6484.jpg,1
79,"She's lost the captain of her ship, she's lost the CEO of the House of Windsor and nobody can fill that void Former royal butler Paul Burrell on how the Queen will be grieving the death of her husband Prince Philip after years of marriage.",/home/jncsnlp4/SSD2/tb/data/MR2-en/train/img/6485.jpg,1
80,"First photograph of earth, sent by Chandrayan .",/home/jncsnlp4/SSD2/tb/data/MR2-en/train/img/6486.jpg,1
81,"URGENT Taiwan's defence ministry Chinese bombers, fighters have breached island's air defence ID zone ",/home/jncsnlp4/SSD2/tb/data/MR2-en/train/img/6487.jpg,1
82,Gorka Lone wolf terrorists is a phrase invented by Obama team to make Americans stupid ,/home/jncsnlp4/SSD2/tb/data/MR2-en/train/img/6488.jpg,1
83,"Respect and prays to the doctors in Italy and all around the world who are risking their life to protect the people, countering Corona and saving humanity.",/home/jncsnlp4/SSD2/tb/data/MR2-en/train/img/6489.jpg,1
84,"During Rick Scotts time as governor of Florida, he blocked million of fed funding to HIV programs in the state and refused expansions of medicaid.",/home/jncsnlp4/SSD2/tb/data/MR2-en/train/img/6490.jpg,1
85,"We can't continue acting normally, COVID is real, and the cure starts with us, wash your hands, wear a mask in public spaces, observe social distance and if possible stay at home RadaMpya CovidNiReal ",/home/jncsnlp4/SSD2/tb/data/MR2-en/train/img/6491.jpg,1
86,The projects Joe Biden has won the battleground state of Michigan.,/home/jncsnlp4/SSD2/tb/data/MR2-en/train/img/6492.jpg,1
87,"Police arrested madrasa children in Raja Bazar, Kolkata Children say they r gtng training to become terrorist for selfdestruction Media people says, we cannot show as do not have orders from Seniors Most of the madrasas in India have similar training.",/home/jncsnlp4/SSD2/tb/data/MR2-en/train/img/6493.jpg,1
88," An edited version of a video is being shared to falsely claim that AIUDF Chief Badruddin Ajmal said, India will become an Islamic nation if CongressAIUDF alliance is voted to power in Assam.",/home/jncsnlp4/SSD2/tb/data/MR2-en/train/img/6494.jpg,1
89,Ted Nugent Has Tested Positive For COVID,/home/jncsnlp4/SSD2/tb/data/MR2-en/train/img/6495.jpg,1
90,"WATCH Video Shows SyriaStrikes Hitting Damascus, Syrian Defense Systems Engaging Missiles ",/home/jncsnlp4/SSD2/tb/data/MR2-en/train/img/6496.jpg,1
91,Thousands of people Hold Kashmir Flag Chant Slogans against India in khoiratta Kotly Pakistan administered Azad Jammu Kashmir across the state Protest after Indian govt move to remove the special constitutional status granted to the disputed Kashmir region ,/home/jncsnlp4/SSD2/tb/data/MR2-en/train/img/6497.jpg,1
92,Trump again falsely claims he opposed the Iraq War before the invasion ,/home/jncsnlp4/SSD2/tb/data/MR2-en/train/img/6498.jpg,1
93,The proportion of patients spending over hours in Aamp,/home/jncsnlp4/SSD2/tb/data/MR2-en/train/img/6499.jpg,1
94,"Alert Viral crocodile rescue video from Dadar Mohalla in Chiplun, not Dadar in Mumbai The video of the reptile being rescued by forest officials is being wrongly circulated with titles like 'crocodile found in main road gutter in Dadar, Mumbai'.",/home/jncsnlp4/SSD2/tb/data/MR2-en/train/img/6500.jpg,1
95,Scientists say COVID can lead to brain damage ,/home/jncsnlp4/SSD2/tb/data/MR2-en/train/img/6501.jpg,1
96,"Pakistan Hindu bride abducted, converted to Islam, forcibly married to Muslim ",/home/jncsnlp4/SSD2/tb/data/MR2-en/train/img/6502.jpg,1
97,"Between March and May , a total of , people died in New York City.",/home/jncsnlp4/SSD2/tb/data/MR2-en/train/img/6503.jpg,1
98,Mirwaiz at a rally where slogans of 'jeeve jeeve Pakistan' are raised and Pak flags hoisted ,/home/jncsnlp4/SSD2/tb/data/MR2-en/train/img/6504.jpg,1
99,Russian Foreign Minister Sergei Lavrov has stated in a phone conversation with US Secretary of State that Russia's Maria Butina has been arrested by the US on fabricated charges and called for her release,/home/jncsnlp4/SSD2/tb/data/MR2-en/train/img/6505.jpg,1
100, We have identified two different posts which have doctored a photo of Philippine actress Cynthia Patag.,/home/jncsnlp4/SSD2/tb/data/MR2-en/train/img/6506.jpg,1
101,Congress Passes Bill Repealing CountryOfOrigin Meat Labeling Rule ,/home/jncsnlp4/SSD2/tb/data/MR2-en/train/img/6507.jpg,1
102,"Parents should NOT buy face masks for children under three because they 'can cause choking and suffocation', Public Health England warns ",/home/jncsnlp4/SSD2/tb/data/MR2-en/train/img/6508.jpg,1
103,President Trump The Democrat position on abortion is so extreme that they dont mind executing babies AFTER birth.,/home/jncsnlp4/SSD2/tb/data/MR2-en/train/img/6509.jpg,1
104,"Trump says autism is on the rise, but experts who study autism disagree ",/home/jncsnlp4/SSD2/tb/data/MR2-en/train/img/6510.jpg,1
105,Dr.,/home/jncsnlp4/SSD2/tb/data/MR2-en/train/img/6511.jpg,1
106,"Mr Sonu Sood has been honoured by the UNDP's Special Humanitarian Action Award for his efforts in helping the migrants with transportation, food, shelter, and job opportunities.",/home/jncsnlp4/SSD2/tb/data/MR2-en/train/img/6512.jpg,1
107,"During a BLM protest in New York City this weekend, a white man was severely beaten by a black mob ",/home/jncsnlp4/SSD2/tb/data/MR2-en/train/img/6513.jpg,1
108,strengthens case for universal ultra basic income argue economists Esther Duflo amp,/home/jncsnlp4/SSD2/tb/data/MR2-en/train/img/6514.jpg,1
109,"A photo of Delhi CM Arvind Kejriwal helping a kid wearing a mask is viral claiming why he, Manish Sisodia and one more aren't wearing the mask themselves.",/home/jncsnlp4/SSD2/tb/data/MR2-en/train/img/6515.jpg,1
110,"ISRO Chief, K Sivan told that We have found the location of VikramLander on lunar surface amp",/home/jncsnlp4/SSD2/tb/data/MR2-en/train/img/6516.jpg,1
111,A political dispute in Brazil is slowing down progress toward a COVID vaccine.,/home/jncsnlp4/SSD2/tb/data/MR2-en/train/img/6517.jpg,1
112,"EXCLUSIVE Paul Pogba will NOT quit the France team, despite claims from the Middle East ",/home/jncsnlp4/SSD2/tb/data/MR2-en/train/img/6518.jpg,1
113,Footage shows clashes between Palestinians and the Israeli military in alBirah city in West Bank.,/home/jncsnlp4/SSD2/tb/data/MR2-en/train/img/6519.jpg,1
114,"Hindus becoming refugee in their own country Bagakhali, Diamond harbour, South Paraganas, West Bengal announcement from masjid to attack Hindu.",/home/jncsnlp4/SSD2/tb/data/MR2-en/train/img/6520.jpg,1
115,Important prevention tips for CoronaVirus BCC ,/home/jncsnlp4/SSD2/tb/data/MR2-en/train/img/6521.jpg,1
116,"So far during lockdown, gmpolice has received reports of over assaults on emergency workers.",/home/jncsnlp4/SSD2/tb/data/MR2-en/train/img/6522.jpg,1
117,BREAKING There are unconfirmed reports that Chinese bombers amp,/home/jncsnlp4/SSD2/tb/data/MR2-en/train/img/6523.jpg,1
118,"Sonu Sood has received the prestigious SDG Special Humanitarian Action Award by the UNDP for sending lakhs of migrant workers home, aiding free education amp",/home/jncsnlp4/SSD2/tb/data/MR2-en/train/img/6524.jpg,1
119,Coronavirus UK yearold becomes youngest Briton to die from COVID ,/home/jncsnlp4/SSD2/tb/data/MR2-en/train/img/6525.jpg,1
120,There Is No Proof of Widespread Voting Fraud in New Hampshire,/home/jncsnlp4/SSD2/tb/data/MR2-en/train/img/6526.jpg,1
121," PM Jawaharlal Nehru Arrives In USA , Inspecting Guard of Honour by American Armed Forces",/home/jncsnlp4/SSD2/tb/data/MR2-en/train/img/6527.jpg,1
122,U.,/home/jncsnlp4/SSD2/tb/data/MR2-en/train/img/6528.jpg,1
123,Caught on camera Autonomous robot destroyed by selfdriving Tesla ,/home/jncsnlp4/SSD2/tb/data/MR2-en/train/img/6529.jpg,1
124,Maskwearing and respiratory health Is your body getting enough oxygen?,/home/jncsnlp4/SSD2/tb/data/MR2-en/train/img/6530.jpg,1
125,Stone pelting on school bus in Seelampur.,/home/jncsnlp4/SSD2/tb/data/MR2-en/train/img/6531.jpg,1
126,"Under the influence of CycloneAmphan, several parts of coastal Odisha are experiencing rainfall amp",/home/jncsnlp4/SSD2/tb/data/MR2-en/train/img/6532.jpg,1
127,"Hundreds of thousands of people are protesting in Yangon Myanmar demanding for democracy, the release of detained leaders and ending dictatorship in unison.",/home/jncsnlp4/SSD2/tb/data/MR2-en/train/img/6533.jpg,1
128,Friends pls join in large number to raise your voice for Protesting students of JNU.,/home/jncsnlp4/SSD2/tb/data/MR2-en/train/img/6534.jpg,1
129,The GOP's socalled middle class tax cuts might actually raise taxes on working people.,/home/jncsnlp4/SSD2/tb/data/MR2-en/train/img/6535.jpg,1
130,"White House claims FBI, NSA told Congress that Russia did not influence election ",/home/jncsnlp4/SSD2/tb/data/MR2-en/train/img/6536.jpg,1
131,Corona Virus prevention.,/home/jncsnlp4/SSD2/tb/data/MR2-en/train/img/6537.jpg,1
132,Pakistani flag waived in Srinagar during protest demonstration ,/home/jncsnlp4/SSD2/tb/data/MR2-en/train/img/6538.jpg,1
133,"Following World Cup boost and natural gas project in Siberia, Russias economy in grew at the fastest pace in six years ",/home/jncsnlp4/SSD2/tb/data/MR2-en/train/img/6539.jpg,1
134,"Dear Donald Hands off our Medicare, Medicaid, EPA, Department of Education, amp",/home/jncsnlp4/SSD2/tb/data/MR2-en/train/img/6540.jpg,1
135,"Protesters take part in a demonstration blocking a road with their cars and demanding the release of detained leader Aung San during a demonstration against the in Yangon on February , .",/home/jncsnlp4/SSD2/tb/data/MR2-en/train/img/6541.jpg,1
136,Mere holding of Voter Identity card does not entitle the voter to cast herhis vote during the Elections.,/home/jncsnlp4/SSD2/tb/data/MR2-en/train/img/6542.jpg,1
137,"Tanja Lund Erichsenm, the Director of Pharmacovigilance at the Danish Medicines Agency, faints while announcing Denmarks decision to completely abandon the rollout of AstraZenecas COVID vaccine due to a risk of rare blood clots.",/home/jncsnlp4/SSD2/tb/data/MR2-en/train/img/6543.jpg,1
138,"High alert Chicken infected from corona virus found in Bangalore today, kindly circulate the message and avoid consumption of chicken.",/home/jncsnlp4/SSD2/tb/data/MR2-en/train/img/6544.jpg,1
139,I don't know what I'm signing here.,/home/jncsnlp4/SSD2/tb/data/MR2-en/train/img/6545.jpg,1
140,"P Sainath Explains Why Farmers Are Protesting PSainathorg says, Punjab, Haryana and Western UP will have the maximum action.",/home/jncsnlp4/SSD2/tb/data/MR2-en/train/img/6546.jpg,1
141,Seemed like an earthquake Batala cracker factory blast survivors recount horrific explosion report by Anil Sharma and Mandeep Kaur Narula ,/home/jncsnlp4/SSD2/tb/data/MR2-en/train/img/6547.jpg,1
142,"Mort du prince Philip Elizabeth II dit ressentir un grand vide, selon le prince Andrew ",/home/jncsnlp4/SSD2/tb/data/MR2-en/train/img/6548.jpg,1
143,"This year especially, the Coronavirus pandemic is challenging our communities in ways we could never have imagined, and it's leaving vulnerable children at greater risk than ever before.",/home/jncsnlp4/SSD2/tb/data/MR2-en/train/img/6549.jpg,1
144,Budget Tax rates for households earning less than RMk to be reduced ,/home/jncsnlp4/SSD2/tb/data/MR2-en/train/img/6550.jpg,1
145,"Images from the site where Ethiopian Airlines flight ET crashed, killing all on board Tiksa Negeri",/home/jncsnlp4/SSD2/tb/data/MR2-en/train/img/6551.jpg,1
146,"UPDATE The prime minister of Lebanon said the explosion in Beirut was caused by an estimated , tons of ammonium nitrate left unsecured in a warehouse.",/home/jncsnlp4/SSD2/tb/data/MR2-en/train/img/6552.jpg,1
147,Midfielder Felipe Melo has revealed how Brazil used to rotate their tactical fouling on Lionel Messi when facing Argentina we rotated and kicked him once each.,/home/jncsnlp4/SSD2/tb/data/MR2-en/train/img/6553.jpg,1
148,Rudy Giuliani Wildly Wrong in Partisan Tweet About Murders in Chicago This Weekend ,/home/jncsnlp4/SSD2/tb/data/MR2-en/train/img/6554.jpg,1
149,JUST IN UK alongside European allies now recognizes Juan Guaido as interim constitutional president in Venezuela until credible elections can be held Foreign Secretary Jeremy Hunt on Twitter ,/home/jncsnlp4/SSD2/tb/data/MR2-en/train/img/6555.jpg,1
150,Plane Crashed CCTV Karachi PK PIACrash ,/home/jncsnlp4/SSD2/tb/data/MR2-en/train/img/6556.jpg,1
151,"Russia has produced the world's first batch of COVID vaccines for animals and Kasha, the cat, was one of the first to get a jab ",/home/jncsnlp4/SSD2/tb/data/MR2-en/train/img/6557.jpg,1
152,"Nusrat Jahan, Bengali Actress, Model, MP amp",/home/jncsnlp4/SSD2/tb/data/MR2-en/train/img/6558.jpg,1
153,In the U.,/home/jncsnlp4/SSD2/tb/data/MR2-en/train/img/6559.jpg,1
154,Biden Says Warrens Medicare for All Plan Would Require Trillion MiddleClass Tax Hike ,/home/jncsnlp4/SSD2/tb/data/MR2-en/train/img/6560.jpg,1
155,"KashmirProtests But Kashmir isn't alone, every Pakistani, every Muslim is protesting with Kashmir.",/home/jncsnlp4/SSD2/tb/data/MR2-en/train/img/6561.jpg,1
156," Rules on wearing masks outdoors in the hardesthit parts of France will take effect on Monday It's the government's latest move to tighten coronavirus restrictions, but pressure is growing to mandate wearing masks outdoors nationwide For more ",/home/jncsnlp4/SSD2/tb/data/MR2-en/train/img/6562.jpg,1
157,India found its missing Vikram lunar lander,/home/jncsnlp4/SSD2/tb/data/MR2-en/train/img/6563.jpg,1
158,RaceForAmerica DonaldTrump wins his home state Florida.,/home/jncsnlp4/SSD2/tb/data/MR2-en/train/img/6564.jpg,1
159,Joe Biden is a nasty man.,/home/jncsnlp4/SSD2/tb/data/MR2-en/train/img/6565.jpg,1
160,A false claim circulating since has been revived.,/home/jncsnlp4/SSD2/tb/data/MR2-en/train/img/6566.jpg,1
161,", illegal migrants stopped from entering Britain over the past year ",/home/jncsnlp4/SSD2/tb/data/MR2-en/train/img/6567.jpg,1
162,"A passenger jet crashed in a residential area near the city of Karachi, Pakistan, earlier today.",/home/jncsnlp4/SSD2/tb/data/MR2-en/train/img/6568.jpg,1
163,This yearold man is busy installing an elevator into his home so that he can grow old in his current house as long as he can.,/home/jncsnlp4/SSD2/tb/data/MR2-en/train/img/6569.jpg,1
164,"Joe Biden is speaking right now, More people voted in this election than ever before.",/home/jncsnlp4/SSD2/tb/data/MR2-en/train/img/6570.jpg,1
165,Jamp,/home/jncsnlp4/SSD2/tb/data/MR2-en/train/img/6571.jpg,1
166,Massive protest procession of Bangladesh JamaateIslami Chittagong metropolis in France in protest of insulting the Holy Prophet Muhammad PBUH.,/home/jncsnlp4/SSD2/tb/data/MR2-en/train/img/6572.jpg,1
167,Recent Ethiopian plane crash inside and external pics and video.,/home/jncsnlp4/SSD2/tb/data/MR2-en/train/img/6573.jpg,1
168,NEW TONIGHT Pence wrongly says only cents of every dollar from Clinton Foundation goes to charity,/home/jncsnlp4/SSD2/tb/data/MR2-en/train/img/6574.jpg,1
169,"Yung mga nagpapaflu vaccine or pneumonia vaccine, we do not advise against it.",/home/jncsnlp4/SSD2/tb/data/MR2-en/train/img/6575.jpg,1
170,Did wrestler Priya Malik win gold for India at the Tokyo Olympics?,/home/jncsnlp4/SSD2/tb/data/MR2-en/train/img/6576.jpg,1
171,US President Trump boarded Marine One to travel to Walter Reed hospital.,/home/jncsnlp4/SSD2/tb/data/MR2-en/train/img/6577.jpg,1
172,Trump wants to take the oil in Iraq.,/home/jncsnlp4/SSD2/tb/data/MR2-en/train/img/6578.jpg,1
173,Woman at AOC Town Hall Who Pitched Eating Babies as Solution to Climate Crisis Was Plant from ProTrump Group ,/home/jncsnlp4/SSD2/tb/data/MR2-en/train/img/6579.jpg,1
174,CPIM Rajya Sabha MPs visited farmers protesting against Bills in different districts of Haryana amp,/home/jncsnlp4/SSD2/tb/data/MR2-en/train/img/6580.jpg,1
175,Pragya mishra murdered in broad daylight Because she was talking in news about kumbh mela in the era of cornavirus AliRuhiAli ArvindY ndtv ,/home/jncsnlp4/SSD2/tb/data/MR2-en/train/img/6581.jpg,1
176,"Since the start of July, nearly .",/home/jncsnlp4/SSD2/tb/data/MR2-en/train/img/6582.jpg,1
177,FBI Runs The Background Checks Gave The Terrorist The OK For Weapons FBI Didn't Investigate ,/home/jncsnlp4/SSD2/tb/data/MR2-en/train/img/6583.jpg,1
178,Students and citizens chanting slogans Chowkidar Chor Hai at India Gate.,/home/jncsnlp4/SSD2/tb/data/MR2-en/train/img/6584.jpg,1
179,Eight people a day are referred to the Government's deradicalisation programme Channel httpt.,/home/jncsnlp4/SSD2/tb/data/MR2-en/train/img/6585.jpg,1
180,People react differently on being factchecked.,/home/jncsnlp4/SSD2/tb/data/MR2-en/train/img/6586.jpg,1
181,Doctors with Covid forced to treat patients ,/home/jncsnlp4/SSD2/tb/data/MR2-en/train/img/6587.jpg,1
182,Trump Has Been Tough on Russia Except Rhetorically ,/home/jncsnlp4/SSD2/tb/data/MR2-en/train/img/6588.jpg,1
183,"Super blue blood moon July ,",/home/jncsnlp4/SSD2/tb/data/MR2-en/train/img/6589.jpg,1
184,"Coronavirus could kill more than million people by the end of the year, researchers say ",/home/jncsnlp4/SSD2/tb/data/MR2-en/train/img/6590.jpg,1
185,Mystery explosion 'like a nuclear bomb' tears through levelling buildings and killing dozens,/home/jncsnlp4/SSD2/tb/data/MR2-en/train/img/6591.jpg,1
186,"Indian occupation forces killing over , people in Oppressed Kashmir.",/home/jncsnlp4/SSD2/tb/data/MR2-en/train/img/6592.jpg,1
187,Supreme Court asks Centre to look into plea to change name of India to Bharat ,/home/jncsnlp4/SSD2/tb/data/MR2-en/train/img/6593.jpg,1
188,"First photograph of earth, sent by Chandrayan .",/home/jncsnlp4/SSD2/tb/data/MR2-en/train/img/6594.jpg,1
189,Tens of thousands of Hong Kong students boycott first day of school ,/home/jncsnlp4/SSD2/tb/data/MR2-en/train/img/6595.jpg,1
190,Coronavirus One suspected victim quarantined at WeijaGbawe Hospital ,/home/jncsnlp4/SSD2/tb/data/MR2-en/train/img/6596.jpg,1
191,Indian police officers were filmed joining Hindutva rioters in throwing rocks at Muslimowned shops and houses in Delhi.,/home/jncsnlp4/SSD2/tb/data/MR2-en/train/img/6597.jpg,1
192,Cyclone Amphan is about to hit India and Bangladesh.,/home/jncsnlp4/SSD2/tb/data/MR2-en/train/img/6598.jpg,1
193,Glimpse of Bicycle Rally in Bhopal on Congress VP Rahul Gandhi ji's birthday today.,/home/jncsnlp4/SSD2/tb/data/MR2-en/train/img/6599.jpg,1
194,How to find out if the spikes in Covid caseshospitalizations deaths we see in so many places around the world after vaccination starts are despite of or because of the vax?,/home/jncsnlp4/SSD2/tb/data/MR2-en/train/img/6600.jpg,1
195,MOH says u Eat a lot of Citrus and Alkaline water hot lemon water too,/home/jncsnlp4/SSD2/tb/data/MR2-en/train/img/6601.jpg,1
196,Walkins welcome for everyone eligible for first or second doses of COVID vaccines.,/home/jncsnlp4/SSD2/tb/data/MR2-en/train/img/6602.jpg,1
197,"Since postpoll violence erupted in West Bengal, old and unrelated visuals have been shared on social media.",/home/jncsnlp4/SSD2/tb/data/MR2-en/train/img/6603.jpg,1
198,More than lakh people emerge at the Joint Rally of Congress and CPIM at Brigade Ground in the Heart of Kolkata!,/home/jncsnlp4/SSD2/tb/data/MR2-en/train/img/6604.jpg,1
199,Naseeruddin Shah the latest celebrity to have spoken up about the farmers protest in India.,/home/jncsnlp4/SSD2/tb/data/MR2-en/train/img/6605.jpg,1
200,More than x as many black women die from childbirth.,/home/jncsnlp4/SSD2/tb/data/MR2-en/train/img/6606.jpg,1
201,The controversial documentary Plandemic has people believing that a cabal of billionaires organized the coronavirus outbreak to satisfy their own hidden agenda ,/home/jncsnlp4/SSD2/tb/data/MR2-en/train/img/6607.jpg,1
202,Fake News Ken Starr NOT Killed In Plane Crash On The Way To DC To Testify ,/home/jncsnlp4/SSD2/tb/data/MR2-en/train/img/6608.jpg,1
203,"Last night, Pence said, cents on the dollar from the Clinton Foundation goes to charitable causes.",/home/jncsnlp4/SSD2/tb/data/MR2-en/train/img/6609.jpg,1
204,PM says Our soldiers' sacrifices won't go to waste after Ladakh faceoff,/home/jncsnlp4/SSD2/tb/data/MR2-en/train/img/6610.jpg,1
205,via Moore Accuser Says She Wrote Part of Yearbook Inscription by JESS BIDGOOD,/home/jncsnlp4/SSD2/tb/data/MR2-en/train/img/6611.jpg,1
206,"The United Kingdom now recognises Juan Guaido as the constitutional interim President of Venezuela, until credible presidential elections can be held.",/home/jncsnlp4/SSD2/tb/data/MR2-en/train/img/6612.jpg,1
207,"Many comparisons are being drawn between Covid and the influenza pandemic, or Spanish fluone of the deadliest viral outbreaks in history.",/home/jncsnlp4/SSD2/tb/data/MR2-en/train/img/6613.jpg,1
208,SHAMEFUL America has done tests per million people Korea tests per million people US is x behind!,/home/jncsnlp4/SSD2/tb/data/MR2-en/train/img/6614.jpg,1
209,Warning graphic content Hong Kong police shot and critically wounded a protester and a man was set on fire marking a dramatic escalation in violence triggered by prodemocracy unrest across the Chineseruled territory ,/home/jncsnlp4/SSD2/tb/data/MR2-en/train/img/6615.jpg,1
210,The legendary soccer player Mr.,/home/jncsnlp4/SSD2/tb/data/MR2-en/train/img/6616.jpg,1
211,"LOOK Below is the schedule to be followed during the implementation of Cebu City's Number Coding Scheme starting on April , and the list of exempted vehicles.",/home/jncsnlp4/SSD2/tb/data/MR2-en/train/img/6617.jpg,1
212,"To stop the spread of Coronavirus, one of the major immunity booster supplements is meditation.",/home/jncsnlp4/SSD2/tb/data/MR2-en/train/img/6618.jpg,1
213,Rest in Peace United States Capitol Police USCP Press Release .,/home/jncsnlp4/SSD2/tb/data/MR2-en/train/img/6619.jpg,1
214,"Derek Chauvin, the former Minneapolis police officer who knelt on the neck of George Floyd, charged with third degree murder, manslaughter ",/home/jncsnlp4/SSD2/tb/data/MR2-en/train/img/6620.jpg,1
215,"As President Trump says, does seem that coronavirus is rounding the corner ",/home/jncsnlp4/SSD2/tb/data/MR2-en/train/img/6621.jpg,1
216,covid strengthens case for universal ultra basic income argue economists Esther Duflo amp,/home/jncsnlp4/SSD2/tb/data/MR2-en/train/img/6622.jpg,1
217,President Trump Unemployment has recently achieved the lowest rate in years.,/home/jncsnlp4/SSD2/tb/data/MR2-en/train/img/6623.jpg,1
218,This is a small message for you all on this Muharram ul Harram kindly share and pray for kashmir .,/home/jncsnlp4/SSD2/tb/data/MR2-en/train/img/6624.jpg,1
219,"Hoax report claims China sought Supreme Court approval to euthanise , coronavirus patients ",/home/jncsnlp4/SSD2/tb/data/MR2-en/train/img/6625.jpg,1
220,More than x as many black women die from childbirth.,/home/jncsnlp4/SSD2/tb/data/MR2-en/train/img/6626.jpg,1
221,"JANUARY FACE MASKS Although, scientific evidence supporting facemasks efficacy is lacking, adverse physiological, psychological amp",/home/jncsnlp4/SSD2/tb/data/MR2-en/train/img/6627.jpg,1
222,"Biden Campaign Staffer, Dallas Jones was arrested for Voter Frad.",/home/jncsnlp4/SSD2/tb/data/MR2-en/train/img/6628.jpg,1
223,COVID vaccines are working in the real world ,/home/jncsnlp4/SSD2/tb/data/MR2-en/train/img/6629.jpg,1
224,"See this Pakistan flag on the rooftop of kartarpursahib Gurudwara ,in place of Khanda flag.",/home/jncsnlp4/SSD2/tb/data/MR2-en/train/img/6630.jpg,1
225,Police brutality on activists and students during a peaceful protest march against hostel fee hike today.,/home/jncsnlp4/SSD2/tb/data/MR2-en/train/img/6631.jpg,1
226,Perseverance arrives at Mars!,/home/jncsnlp4/SSD2/tb/data/MR2-en/train/img/6632.jpg,1
227,"If you are sick with COVID or think you might have COVID, the CDC offers steps to care for yourself and help protect other people in your home and community.",/home/jncsnlp4/SSD2/tb/data/MR2-en/train/img/6633.jpg,1
228,"EXCLUSIVE Daunte Wright had a warrant out for his arrest for attempted aggravated robbery charges after 'choking and holding a woman at gunpoint for in ,' court papers",/home/jncsnlp4/SSD2/tb/data/MR2-en/train/img/6634.jpg,1
229,Donald Trump is wrong that Americans don't care about his tax returns ,/home/jncsnlp4/SSD2/tb/data/MR2-en/train/img/6635.jpg,1
230,"A minor girl has been raped still in hospital by , Nisar, Salman, Zakir amp",/home/jncsnlp4/SSD2/tb/data/MR2-en/train/img/6636.jpg,1
231,UNICEF Report Says Pornography Not Always Harmful to Children The C in UNICEF stands for Children !,/home/jncsnlp4/SSD2/tb/data/MR2-en/train/img/6637.jpg,1
232,NOW with new Russian sanctions PressSec says POTUS doesnt have a goal of escalation but to make sure there are consequences for Russian actions.,/home/jncsnlp4/SSD2/tb/data/MR2-en/train/img/6638.jpg,1
233,India imports all Coronavirus test kits.,/home/jncsnlp4/SSD2/tb/data/MR2-en/train/img/6639.jpg,1
234,Face masks to be made mandatory on public transport but read what a surgeon says about the risks of carbon dioxide toxicity.,/home/jncsnlp4/SSD2/tb/data/MR2-en/train/img/6640.jpg,1
235,EXCLUSIVE Will you eat a GMOVaccine?,/home/jncsnlp4/SSD2/tb/data/MR2-en/train/img/6641.jpg,1
236,It's Gold for us at the Cadet World Wrestling Championship today!,/home/jncsnlp4/SSD2/tb/data/MR2-en/train/img/6642.jpg,1
237,"Many Kashmiris view India as an occupying power, and more and more Indians view Kashmiris as the enemy.",/home/jncsnlp4/SSD2/tb/data/MR2-en/train/img/6643.jpg,1
238,"Heartbreaking and shocking images coming out of Beirut, Lebanon, where a huge explosion in Beiruts port area sent shockwaves through the city.",/home/jncsnlp4/SSD2/tb/data/MR2-en/train/img/6644.jpg,1
239,Unseen pic of Ranveer Singh and Deepika Padukone at IIFA DeepVeer tfs TeamDeepikaMY ,/home/jncsnlp4/SSD2/tb/data/MR2-en/train/img/6645.jpg,1
240,Sanctuary cities must cooperate with immigration authorities,/home/jncsnlp4/SSD2/tb/data/MR2-en/train/img/6646.jpg,1
241,Trump is wrong about what is causing the devastating fires in California.,/home/jncsnlp4/SSD2/tb/data/MR2-en/train/img/6647.jpg,1
242,Women farmers carrying flags and shouting slogans for the the protest WeSaluteWomenFarmers ,/home/jncsnlp4/SSD2/tb/data/MR2-en/train/img/6648.jpg,1
243,This clarification by Reliance is bogus.,/home/jncsnlp4/SSD2/tb/data/MR2-en/train/img/6649.jpg,1
244,Russian Foreign Ministry spokeswoman says five Russians who were not military personnel may have been killed in clash with U.,/home/jncsnlp4/SSD2/tb/data/MR2-en/train/img/6650.jpg,1
245,just got hit with a major lawsuit from her own assistant.,/home/jncsnlp4/SSD2/tb/data/MR2-en/train/img/6651.jpg,1
246,Scientists estimate that the explosion was equal to about kilotonnes of TNTabout of the atomic bomb dropped on Hiroshima during WW.,/home/jncsnlp4/SSD2/tb/data/MR2-en/train/img/6652.jpg,1
247,"MAHATMAS ASSASSINATION This photo shows moments after the murder of Mahatma Gandhi on January , in the compound of Birla House a large mansion in New Delhi.",/home/jncsnlp4/SSD2/tb/data/MR2-en/train/img/6653.jpg,1
248,Dont believe everything your uncle sends to the family WhatsApp group!,/home/jncsnlp4/SSD2/tb/data/MR2-en/train/img/6654.jpg,1
249,"Between March and May , a total of , people died in New York City.",/home/jncsnlp4/SSD2/tb/data/MR2-en/train/img/6655.jpg,1
250,"UPDATE The prime minister of Lebanon said the explosion in Beirut was caused by an estimated , tons of ammonium nitrate left unsecured in a warehouse.",/home/jncsnlp4/SSD2/tb/data/MR2-en/train/img/6656.jpg,1
251,Blankenship slams Cocaine Mitch in antiMcConnell ad ,/home/jncsnlp4/SSD2/tb/data/MR2-en/train/img/6657.jpg,1
252,TRUMP 'The Democratcontrolled House never even asked John Bolton to testify.,/home/jncsnlp4/SSD2/tb/data/MR2-en/train/img/6658.jpg,1
253,Trump EPA chief slams government climate report ,/home/jncsnlp4/SSD2/tb/data/MR2-en/train/img/6659.jpg,1
254,"UPDATE March , AM The WHO had declared that COVID is now on pandemic stage.",/home/jncsnlp4/SSD2/tb/data/MR2-en/train/img/6660.jpg,1
255,This is not a tree.,/home/jncsnlp4/SSD2/tb/data/MR2-en/train/img/6661.jpg,1
256,Mrs.,/home/jncsnlp4/SSD2/tb/data/MR2-en/train/img/6662.jpg,1
257,Mrs.,/home/jncsnlp4/SSD2/tb/data/MR2-en/train/img/6663.jpg,1
258,How to conquer Top treatments in development,/home/jncsnlp4/SSD2/tb/data/MR2-en/train/img/6664.jpg,1
259,"TB and COVID now results in an estimated , deaths per day combined.",/home/jncsnlp4/SSD2/tb/data/MR2-en/train/img/6665.jpg,1
260,"To Better years after the Peaceful Liberation of Tibet, the region in southwest China has witnessed the leapfrog development.",/home/jncsnlp4/SSD2/tb/data/MR2-en/train/img/6666.jpg,1
261,Florida Gun Store Owner Called FBI On Mateen Month Before Orlando Massacre ,/home/jncsnlp4/SSD2/tb/data/MR2-en/train/img/6667.jpg,1
262,"Remdesivir alone not enough to treat COVID, study says ",/home/jncsnlp4/SSD2/tb/data/MR2-en/train/img/6668.jpg,1
263,WATCH LIVE NASA officials give an update two days before the Perseverance rover is set to touch down on the surface of Mars,/home/jncsnlp4/SSD2/tb/data/MR2-en/train/img/6669.jpg,1
264,JUST IN Trump attacks Obama over Flynn ahead of Sally Yates testimony ,/home/jncsnlp4/SSD2/tb/data/MR2-en/train/img/6670.jpg,1
265,When the Queen was snapped 'giggling' at Prince all the images mentioned in the above article,/home/jncsnlp4/SSD2/tb/data/MR2-en/train/img/6671.jpg,1
266,The president has ordered flags to be at half staff as a mark of respect for the memory of Nancy Reagan.,/home/jncsnlp4/SSD2/tb/data/MR2-en/train/img/6672.jpg,1
267,Congress can preempt amp,/home/jncsnlp4/SSD2/tb/data/MR2-en/train/img/6673.jpg,1
268," PM Jawaharlal Nehru Arrives In USA , Inspecting Guard of Honour by American Armed Forces ",/home/jncsnlp4/SSD2/tb/data/MR2-en/train/img/6674.jpg,1
269,Trump hits Merkel in tweet demanding more money from Germany for NATO ,/home/jncsnlp4/SSD2/tb/data/MR2-en/train/img/6675.jpg,1
270, Seen these pictures being shared on Facebook and Twitter apparently showing coronavirus victims' coffins?,/home/jncsnlp4/SSD2/tb/data/MR2-en/train/img/6676.jpg,1
271,Here's a short thread on why the use of hydroxychloroquine is not approved for management in Nigeria,/home/jncsnlp4/SSD2/tb/data/MR2-en/train/img/6677.jpg,1
272,"March , .",/home/jncsnlp4/SSD2/tb/data/MR2-en/train/img/6678.jpg,1
273,"Today we're reporting new positive COVID cases, county total at , new recoveries, county total at , , total tests administered Todays report includes a testing increase of , putting the rate of positive COVID tests at .",/home/jncsnlp4/SSD2/tb/data/MR2-en/train/img/6679.jpg,1
274,New video shows inside Notre Dame Cathedral after devastating fire ,/home/jncsnlp4/SSD2/tb/data/MR2-en/train/img/6680.jpg,1
275,Donald Trump Jr.,/home/jncsnlp4/SSD2/tb/data/MR2-en/train/img/6681.jpg,1
276,Thats Bilawal Singhs simple philosophy.,/home/jncsnlp4/SSD2/tb/data/MR2-en/train/img/6682.jpg,1
277,The end of the Ebola outbreak in Northeastern DRC is officially announced by DRC Health Minister LongondoEteni!,/home/jncsnlp4/SSD2/tb/data/MR2-en/train/img/6683.jpg,1
278,"From todays ProPalestine protest outside of the Israeli Consulate in Montreal, Quebec, Canada.",/home/jncsnlp4/SSD2/tb/data/MR2-en/train/img/6684.jpg,1
279,Feb We Myanmar People protesting in front of Central Bank.,/home/jncsnlp4/SSD2/tb/data/MR2-en/train/img/6685.jpg,1
280,We all need to do our part.,/home/jncsnlp4/SSD2/tb/data/MR2-en/train/img/6686.jpg,1
281,"Breaking News The World Health Organization has taken a complete U turn and said that Coronavirus patients neither need to be isolated nor quarantined, nor social distancing, and it cannot even transmit from one patient to another.",/home/jncsnlp4/SSD2/tb/data/MR2-en/train/img/6687.jpg,1
282,CDC warns men about facial hair dangers as coronavirus spreads ,/home/jncsnlp4/SSD2/tb/data/MR2-en/train/img/6688.jpg,1
283,Joe Biden shows off surgical boot and says he's feeling 'good' after fracturing his foot ,/home/jncsnlp4/SSD2/tb/data/MR2-en/train/img/6689.jpg,1
284,"From todays ProPalestine protest outside of the Israeli Consulate in Montreal, Quebec, Canada.",/home/jncsnlp4/SSD2/tb/data/MR2-en/train/img/6690.jpg,1
285,Kamala Harris said a BidenHarris administration would not raise taxes while at the same time saying tax cuts passed by Republicans would be eliminated.,/home/jncsnlp4/SSD2/tb/data/MR2-en/train/img/6691.jpg,1
286,There Is No Proof of Widespread Voting Fraud in New Hampshire ,/home/jncsnlp4/SSD2/tb/data/MR2-en/train/img/6692.jpg,1
287,"We are so sad for the death of one of the greatest footballers, Maradona, who is known for his support of the cause.",/home/jncsnlp4/SSD2/tb/data/MR2-en/train/img/6693.jpg,1
288,The protest in downtown Minneapolis tonight is massive.,/home/jncsnlp4/SSD2/tb/data/MR2-en/train/img/6694.jpg,1
289,Trump hits Merkel in tweet demanding more money from Germany for NATO ,/home/jncsnlp4/SSD2/tb/data/MR2-en/train/img/6695.jpg,1
290,students held a protest and marched towards Parliament from University.,/home/jncsnlp4/SSD2/tb/data/MR2-en/train/img/6696.jpg,1
291,From CDC Website Hospitals to List COVID as Cause of Death Even if It's Assumed to Have Caused Or Contributed to Death Lab Tests Not Required Can we just get the truth and stop this insane panic,/home/jncsnlp4/SSD2/tb/data/MR2-en/train/img/6697.jpg,1
292,Peaceful and colourful protests in Berlin.,/home/jncsnlp4/SSD2/tb/data/MR2-en/train/img/6698.jpg,1
293,Watch Massive landslide after heavy rain blocks ImphalJiribam stretch of NH in Manipur.,/home/jncsnlp4/SSD2/tb/data/MR2-en/train/img/6699.jpg,1
294,Israeli media shows old pictures saying it's the military bus that was targeted today by the Palestinian resistance.,/home/jncsnlp4/SSD2/tb/data/MR2-en/train/img/6700.jpg,1
295,"Follow these coronavirus guidelines from the WhiteHouse to keep our families and communities safe Practice Social Distancing Listen to state and local authorities If you feel sick, stay home If you are in a highrisk group, stay home and away from others ",/home/jncsnlp4/SSD2/tb/data/MR2-en/train/img/6701.jpg,1
296,"COVID vaccine research has yielded great results, but as cathshaffer notes, ending the pandemic will likely require effective treatments for the disease.",/home/jncsnlp4/SSD2/tb/data/MR2-en/train/img/6702.jpg,1
297,The mission here is to save our aluminum and steel industries for the purposes of preserving our national and economic security Director of WH National Trade Council ,/home/jncsnlp4/SSD2/tb/data/MR2-en/train/img/6703.jpg,1
298,Trump didn't hold back when it came to tweeting about Germany's internal conflict over immigration ,/home/jncsnlp4/SSD2/tb/data/MR2-en/train/img/6704.jpg,1
299,Dr.,/home/jncsnlp4/SSD2/tb/data/MR2-en/train/img/6705.jpg,1
300,"At least reported dead after shots fired at Michigan State University,",/home/jncsnlp4/SSD2/tb/data/MR2-en/train/img/7372.jpg,0
301, Former President Trump's tax returns have been released by a House committee after years of legal battles.,/home/jncsnlp4/SSD2/tb/data/MR2-en/train/img/7373.jpg,0
302,"Mitch McConnell will remain Senate GOP leader,",/home/jncsnlp4/SSD2/tb/data/MR2-en/train/img/7374.jpg,0
303,Rep.,/home/jncsnlp4/SSD2/tb/data/MR2-en/train/img/7375.jpg,0
304,"The US is lifting its requirement for travelers to test negative for Covid before entering the country,",/home/jncsnlp4/SSD2/tb/data/MR2-en/train/img/7376.jpg,0
305,"Former Pope Benedict knew about priests who abused children when he was archbishop of Munich,",/home/jncsnlp4/SSD2/tb/data/MR2-en/train/img/7377.jpg,0
306,"FDA expected to allow giving Covid vaccine boosters that are a different vaccine type from the one used in the initial doses,",/home/jncsnlp4/SSD2/tb/data/MR2-en/train/img/7378.jpg,0
307,"Wisconsin man convicted of killing six people after he plowed his SUV through a Christmas parade,",/home/jncsnlp4/SSD2/tb/data/MR2-en/train/img/7379.jpg,0
308,Three large new studies from the US Centers for Disease Control and Prevention highlight the importance of getting a booster shot to provide the best protection against the Omicron coronavirus variant.,/home/jncsnlp4/SSD2/tb/data/MR2-en/train/img/7380.jpg,0
309,Oklahoma governor signs into law a restrictive abortion bill modeled after Texas' law allowing private citizens to bring civil suits against providers,/home/jncsnlp4/SSD2/tb/data/MR2-en/train/img/7381.jpg,0
310,"Heavy gunfire in a western district of the Ukrainian capital Kyiv on Saturday evening killed a yearold boy and injured several other people,",/home/jncsnlp4/SSD2/tb/data/MR2-en/train/img/7382.jpg,0
311,Trump ally Steve Bannon held in criminal contempt by House of Representatives for defying a subpoena from the committee investigating the US Capitol riot,/home/jncsnlp4/SSD2/tb/data/MR2-en/train/img/7383.jpg,0
312,"The yearold boy who was injured at the Astroworld Festival died Sunday,",/home/jncsnlp4/SSD2/tb/data/MR2-en/train/img/7384.jpg,0
313,"Luiz Incio Lula da Silva wins Brazils presidential election for a third term,",/home/jncsnlp4/SSD2/tb/data/MR2-en/train/img/7385.jpg,0
314,"Pierre Zakrzewski,",/home/jncsnlp4/SSD2/tb/data/MR2-en/train/img/7386.jpg,0
315,The House passes a bill to extend highway funding for days.,/home/jncsnlp4/SSD2/tb/data/MR2-en/train/img/7387.jpg,0
316,Conservative election attorney Ben Ginsberg will testify to the House January investigative committee during its next public hearing tomorrow,/home/jncsnlp4/SSD2/tb/data/MR2-en/train/img/7388.jpg,0
317,"Alabama corrections officer Vicky White has died due to injuries sustained from a selfinflicted gunshot wound after being taken into custody following a vehicle chase in Indiana,",/home/jncsnlp4/SSD2/tb/data/MR2-en/train/img/7389.jpg,0
318,"Former Chicago Police officer Jason Van Dyke has been released from prison after serving about three years of a nearly sevenyear sentence for killing Laquan McDonald,",/home/jncsnlp4/SSD2/tb/data/MR2-en/train/img/7390.jpg,0
319,Former Minneapolis police officer Derek Chauvin has been sentenced to more than years on federal charges in George Floyd's killing.,/home/jncsnlp4/SSD2/tb/data/MR2-en/train/img/7391.jpg,0
320,"Andrew Cuomo,",/home/jncsnlp4/SSD2/tb/data/MR2-en/train/img/7392.jpg,0
321,"CDC director endorses recommendations for a third dose of the Pfizer Covid vaccine for certain atrisk groups,",/home/jncsnlp4/SSD2/tb/data/MR2-en/train/img/7393.jpg,0
322,Russian President Putin replaces the commander of Russia's war in Ukraine after just three months.,/home/jncsnlp4/SSD2/tb/data/MR2-en/train/img/7394.jpg,0
323, former Minneapolis police officers who were found guilty on federal charges of violating the civil rights of George Floyd have been sentenced to prison.,/home/jncsnlp4/SSD2/tb/data/MR2-en/train/img/7395.jpg,0
324,Republicanled House of Representatives votes to remove Democrat Ilhan Omar from the powerful Foreign Affairs Committee,/home/jncsnlp4/SSD2/tb/data/MR2-en/train/img/7396.jpg,0
325,Ecuador declares a state of emergency in the prison system following a battle among gang members in a coastal lockup that killed at least people and injured .,/home/jncsnlp4/SSD2/tb/data/MR2-en/train/img/7397.jpg,0
326,"Queen Elizabeth II won't attend a reception at next week's COP summit,",/home/jncsnlp4/SSD2/tb/data/MR2-en/train/img/7398.jpg,0
327,"Xi Jinping arrives in Hong Kong,",/home/jncsnlp4/SSD2/tb/data/MR2-en/train/img/7399.jpg,0
328,"Andr Leon Talley,",/home/jncsnlp4/SSD2/tb/data/MR2-en/train/img/7400.jpg,0
329,The Democraticled House of Representatives just passed a pair of bills aimed at protecting access to abortion in the wake of the Supreme Court's decision to overturn Roe v.,/home/jncsnlp4/SSD2/tb/data/MR2-en/train/img/7401.jpg,0
330,"House January committee issues a subpoena to Peter Navarro,",/home/jncsnlp4/SSD2/tb/data/MR2-en/train/img/7402.jpg,0
331,"The FBI executed a search warrant at Donald Trump's MaraLago resort in Palm Beach,",/home/jncsnlp4/SSD2/tb/data/MR2-en/train/img/7403.jpg,0
332,Climate activist Greta Thunberg has been detained by German police following a protest over the expansion of a coal mine,/home/jncsnlp4/SSD2/tb/data/MR2-en/train/img/7404.jpg,0
333,General Motors will stop making most of its fullsize trucks for a week as the auto industry struggles with a global computer chip shortage,/home/jncsnlp4/SSD2/tb/data/MR2-en/train/img/7405.jpg,0
334,"An explosion in central Kabul has resulted in a number of civilian casualties and deaths,",/home/jncsnlp4/SSD2/tb/data/MR2-en/train/img/7406.jpg,0
335,"Gabby Petito's cause of death was strangulation,",/home/jncsnlp4/SSD2/tb/data/MR2-en/train/img/7407.jpg,0
336,"After several days of living in squalid conditions under the Del Rio International Bridge in Texas,",/home/jncsnlp4/SSD2/tb/data/MR2-en/train/img/7408.jpg,0
337,Conservative election attorney Ben Ginsberg will testify to the House January investigative committee during its next public hearing tomorrow,/home/jncsnlp4/SSD2/tb/data/MR2-en/train/img/7409.jpg,0
338,Flights across the U.,/home/jncsnlp4/SSD2/tb/data/MR2-en/train/img/7410.jpg,0
339,Secretary of State Antony Blinken says the US has reopened its embassy in Kyiv after it closed three months ago ahead of Russia's invasion of Ukraine,/home/jncsnlp4/SSD2/tb/data/MR2-en/train/img/7411.jpg,0
340,Elon Musk restores Donald Trump's Twitter account following the results of a poll on the platform,/home/jncsnlp4/SSD2/tb/data/MR2-en/train/img/7412.jpg,0
341,Sudan Prime Minister Abdalla Hamdok and his wife have been arrested and taken to an undisclosed location amid reports of an apparent coup,/home/jncsnlp4/SSD2/tb/data/MR2-en/train/img/7413.jpg,0
342,"Academy of Motion Pictures Arts and Sciences leadership strongly considered removing Will Smith from the Oscars telecast Sunday night after the actor stormed the stage and slapped Chris Rock in the face,",/home/jncsnlp4/SSD2/tb/data/MR2-en/train/img/7414.jpg,0
343,RB singer R.,/home/jncsnlp4/SSD2/tb/data/MR2-en/train/img/7415.jpg,0
344,"President Biden plans to deliver a primetime speech this Thursday,",/home/jncsnlp4/SSD2/tb/data/MR2-en/train/img/7416.jpg,0
345,Jamie Lee Curtis Wins for Best Nepo Baby Comment at SAG Awards ,/home/jncsnlp4/SSD2/tb/data/MR2-en/train/img/7417.jpg,0
346,House passes a stopgap funding bill to avert a government shutdown at the end of next week.,/home/jncsnlp4/SSD2/tb/data/MR2-en/train/img/7418.jpg,0
347,U.,/home/jncsnlp4/SSD2/tb/data/MR2-en/train/img/7419.jpg,0
348,"Senate Minority Leader Mitch McConnell has been discharged from the hospital after receiving treatment for a concussion and a minor rib fracture,",/home/jncsnlp4/SSD2/tb/data/MR2-en/train/img/7420.jpg,0
349,"Move Aside Sister Wives,",/home/jncsnlp4/SSD2/tb/data/MR2-en/train/img/7421.jpg,0
350,Summer House's Paige DeSorbo and Hannah Berner Use This Mascara,/home/jncsnlp4/SSD2/tb/data/MR2-en/train/img/7422.jpg,0
351,Newly released police bodycam footage shows the chaos of the moment Nancy Pelosi's husband was attacked at their San Francisco home.,/home/jncsnlp4/SSD2/tb/data/MR2-en/train/img/7423.jpg,0
352,Covid has now killed about as many Americans as the Spanish flu pandemic.,/home/jncsnlp4/SSD2/tb/data/MR2-en/train/img/7424.jpg,0
353,"Israel's parliament,",/home/jncsnlp4/SSD2/tb/data/MR2-en/train/img/7425.jpg,0
354,"US mortgage rates jump to nearly percent,",/home/jncsnlp4/SSD2/tb/data/MR2-en/train/img/7426.jpg,0
355,Israel and Islamic Jihad agree to a ceasefire after a weekend of conflict leaves more than Gazan civilians and militants dead.,/home/jncsnlp4/SSD2/tb/data/MR2-en/train/img/7427.jpg,0
356,A group of the largest U.,/home/jncsnlp4/SSD2/tb/data/MR2-en/train/img/7428.jpg,0
357,We Need More School Drama Programs After Sally Field's SAG Awards Win,/home/jncsnlp4/SSD2/tb/data/MR2-en/train/img/7429.jpg,0
358,House votes to pass legislation that enshrines federal protections for the marriages of samesex and interracial couples.,/home/jncsnlp4/SSD2/tb/data/MR2-en/train/img/7430.jpg,0
359,"Dave McCormick has conceded Pennsylvania's GOP Senate primary to Mehmet Oz,",/home/jncsnlp4/SSD2/tb/data/MR2-en/train/img/7431.jpg,0
360,"Two US citizens recently died in the Donbas region of eastern Ukraine,",/home/jncsnlp4/SSD2/tb/data/MR2-en/train/img/7432.jpg,0
361,Russia asked for a convicted murderer to be added to the proposed swap to release Americans Brittney Griner and Paul Whelan,/home/jncsnlp4/SSD2/tb/data/MR2-en/train/img/7433.jpg,0
362,Britain experiences hottest day on record as temperatures hit .,/home/jncsnlp4/SSD2/tb/data/MR2-en/train/img/7434.jpg,0
363,Students at Howard University reach an agreement with university officials after a monthlong protest over campus housing conditions,/home/jncsnlp4/SSD2/tb/data/MR2-en/train/img/7435.jpg,0
364,Tiger Woods has teed off for his second round at the Masters on Friday.,/home/jncsnlp4/SSD2/tb/data/MR2-en/train/img/7436.jpg,0
365,"Russian President Putin calls on Kyiv to observe a hour ceasefire in Ukraine for Russian Orthodox Christmas,",/home/jncsnlp4/SSD2/tb/data/MR2-en/train/img/7437.jpg,0
366,Harvey Weinstein found guilty of rape and sexual assault by a jury in Los Angeles.,/home/jncsnlp4/SSD2/tb/data/MR2-en/train/img/7438.jpg,0
367,"The package is expected to include shipments of additional howitzers,",/home/jncsnlp4/SSD2/tb/data/MR2-en/train/img/7439.jpg,0
368,Famed basketball announcer Dick Vitale announced he has lymphoma and will undergo six months of chemotherapy,/home/jncsnlp4/SSD2/tb/data/MR2-en/train/img/7440.jpg,0
369," In an unexpected breakthrough,",/home/jncsnlp4/SSD2/tb/data/MR2-en/train/img/7441.jpg,0
370,A special prosecutor said he will not pursue criminal charges against two Atlanta police officers involved in the fatal shooting of Rayshard Brooks.,/home/jncsnlp4/SSD2/tb/data/MR2-en/train/img/7442.jpg,0
371,The Department of Homeland Security temporarily suspends use of horse patrol in the Del Rio sector of the US southern border after aggressive confrontation with migrants,/home/jncsnlp4/SSD2/tb/data/MR2-en/train/img/7443.jpg,0
372,Two large blasts lit up the sky to the southwest of the Ukrainian capital with one detonation that appeared to be about miles from the city center ,/home/jncsnlp4/SSD2/tb/data/MR2-en/train/img/7444.jpg,0
373,"Aurora,",/home/jncsnlp4/SSD2/tb/data/MR2-en/train/img/7445.jpg,0
374,"Shooting at Texas elementary school leaves at least dead,",/home/jncsnlp4/SSD2/tb/data/MR2-en/train/img/7446.jpg,0
375,"Russia and Ukraine have accused each other of carrying out a missile strike on a prison in Russiancontrolled territory,",/home/jncsnlp4/SSD2/tb/data/MR2-en/train/img/7447.jpg,0
376,Rick Scott told fellow GOP senators he will challenge Senate Minority Leader Mitch McConnell to be leader of the party in the chamber next year,/home/jncsnlp4/SSD2/tb/data/MR2-en/train/img/7448.jpg,0
377,"Trump won't have to sit for a deposition in a defamation lawsuit,",/home/jncsnlp4/SSD2/tb/data/MR2-en/train/img/7449.jpg,0
378,"The US announced it will reduce staff levels at its embassy in Ukraine,",/home/jncsnlp4/SSD2/tb/data/MR2-en/train/img/7450.jpg,0
379,"Rapper Biz Markie,",/home/jncsnlp4/SSD2/tb/data/MR2-en/train/img/7451.jpg,0
380,The Supreme Court overturned Roe v.,/home/jncsnlp4/SSD2/tb/data/MR2-en/train/img/7452.jpg,0
381,The House has voted to federally decriminalize marijuana.,/home/jncsnlp4/SSD2/tb/data/MR2-en/train/img/7453.jpg,0
382,"The FBI is currently conducting a search of former Vice President Mike Pence's home in Indiana,",/home/jncsnlp4/SSD2/tb/data/MR2-en/train/img/7454.jpg,0
383,"Senate passes bipartisan gun safety bill,",/home/jncsnlp4/SSD2/tb/data/MR2-en/train/img/7455.jpg,0
384,"Police arrest three men under the Terrorism Act after a car explosion left one person dead and one injured in Liverpool,",/home/jncsnlp4/SSD2/tb/data/MR2-en/train/img/7456.jpg,0
385,"Will Smith will not be allowed to attend the Academy Awards for the next years,",/home/jncsnlp4/SSD2/tb/data/MR2-en/train/img/7457.jpg,0
386,"At least people died and dozens were injured after a major fire broke out in a building in southern Taiwan on Thursday,",/home/jncsnlp4/SSD2/tb/data/MR2-en/train/img/7458.jpg,0
387,"Federal judge rules that Walmart,",/home/jncsnlp4/SSD2/tb/data/MR2-en/train/img/7459.jpg,0
388,"Aides to President Biden have discovered at least one additional batch of classified documents in a location separate from the office he used after leaving the Obama administration,",/home/jncsnlp4/SSD2/tb/data/MR2-en/train/img/7460.jpg,0
389,"Six weeks after voters headed to the polls in Peru,",/home/jncsnlp4/SSD2/tb/data/MR2-en/train/img/7461.jpg,0
390,"Nancy Pelosi arrives in Taiwan,",/home/jncsnlp4/SSD2/tb/data/MR2-en/train/img/7462.jpg,0
391,"Former Vice President Mike Pence has been subpoenaed by the special counsel investigating Donald Trump and his role in January ,",/home/jncsnlp4/SSD2/tb/data/MR2-en/train/img/7463.jpg,0
392,Pope Francis says his predecessor Pope Benedict is very sick and asks for prayers,/home/jncsnlp4/SSD2/tb/data/MR2-en/train/img/7464.jpg,0
393,"A dive team arrives at a Florida nature reserve as part of the search for Gabby Petito's fianc Brian Laundrie,",/home/jncsnlp4/SSD2/tb/data/MR2-en/train/img/7465.jpg,0
394,Average US gas prices fall below a gallon for the first time in months,/home/jncsnlp4/SSD2/tb/data/MR2-en/train/img/7466.jpg,0
395,"Notebooks that President Biden wrote in during his time as VP are among the items the FBI took from one of his Delaware homes,",/home/jncsnlp4/SSD2/tb/data/MR2-en/train/img/7467.jpg,0
396,DHS widens its investigation into migrant children found cleaning slaughterhouses and is working with the Justice Dept.,/home/jncsnlp4/SSD2/tb/data/MR2-en/train/img/7468.jpg,0
397,DallasFort Worth International Airport closed due to inclement weather,/home/jncsnlp4/SSD2/tb/data/MR2-en/train/img/7469.jpg,0
398,Philadelphia is reinstating its mask mandate for indoor public spaces starting next week as Covid cases rise in the city,/home/jncsnlp4/SSD2/tb/data/MR2-en/train/img/7470.jpg,0
399,"A sixth Memphis police officer has been fired after the death of Tyre Nichols,",/home/jncsnlp4/SSD2/tb/data/MR2-en/train/img/7471.jpg,0
400,Death of actress Anne Heche is ruled an accident by the Los Angeles County coroner.,/home/jncsnlp4/SSD2/tb/data/MR2-en/train/img/7472.jpg,0
401,British ISIS fighter El Shafee Elsheikh gets eight life sentences for his role in the hostagetaking and deaths of four Americans and several others.,/home/jncsnlp4/SSD2/tb/data/MR2-en/train/img/7473.jpg,0
402,Harvey Weinstein's criminal sex act and rape convictions have been upheld by a New York appellate court,/home/jncsnlp4/SSD2/tb/data/MR2-en/train/img/7474.jpg,0
403,"The US is closing its embassy in Kyiv and temporarily relocating remaining diplomats to western Ukraine,",/home/jncsnlp4/SSD2/tb/data/MR2-en/train/img/7475.jpg,0
404, former Memphis police officers charged in the death of Tyre Nichols plead not guilty to charges of seconddegree murder and other counts.,/home/jncsnlp4/SSD2/tb/data/MR2-en/train/img/7476.jpg,0
405,Artemis I launch for historic mission to the moon postponed because of leaky fuel connection to rocket.,/home/jncsnlp4/SSD2/tb/data/MR2-en/train/img/7477.jpg,0
406,"An explosion inside a container on a ship docked at Dubai's Jebel Ali port has caused a large fire,",/home/jncsnlp4/SSD2/tb/data/MR2-en/train/img/7478.jpg,0
407,"Senate passes billion military,",/home/jncsnlp4/SSD2/tb/data/MR2-en/train/img/7479.jpg,0
408,Trump familyowned business is convicted of all counts of tax fraud in a New York trial,/home/jncsnlp4/SSD2/tb/data/MR2-en/train/img/7480.jpg,0
409,"Russia says it will withdraw from the ISS after ,",/home/jncsnlp4/SSD2/tb/data/MR2-en/train/img/7481.jpg,0
410,US Rep.,/home/jncsnlp4/SSD2/tb/data/MR2-en/train/img/7482.jpg,0
411,"At least five people killed in Jerusalem,",/home/jncsnlp4/SSD2/tb/data/MR2-en/train/img/7483.jpg,0
412,The bipartisan gun safety bill has cleared a critical vote requiring GOP support and is now on a path to pass the Senate before the week is out,/home/jncsnlp4/SSD2/tb/data/MR2-en/train/img/7484.jpg,0
413,A Manhattan federal judge says Prince Andrew could go to trial in the civil sexual abuse lawsuit filed against him by next fall,/home/jncsnlp4/SSD2/tb/data/MR2-en/train/img/7485.jpg,0
414,An unknown number of U.,/home/jncsnlp4/SSD2/tb/data/MR2-en/train/img/7486.jpg,0
415,More than inches of rain fell in St.,/home/jncsnlp4/SSD2/tb/data/MR2-en/train/img/7487.jpg,0
416,A suspect has been charged in connection with the kidnapping of Eliza Fletcher who police say was abducted during a Friday morning jog,/home/jncsnlp4/SSD2/tb/data/MR2-en/train/img/7488.jpg,0
417,The Senate confirms Biden nominee Dr.,/home/jncsnlp4/SSD2/tb/data/MR2-en/train/img/7489.jpg,0
418,Police say at least four people are injured after a shooting at a Michigan high school.,/home/jncsnlp4/SSD2/tb/data/MR2-en/train/img/7490.jpg,0
419,Gov.,/home/jncsnlp4/SSD2/tb/data/MR2-en/train/img/7491.jpg,0
420,The Oklahoma Supreme Court reversed a district court decision that ordered Johnson Johnson to pay hundreds of millions to the state for its role in the opioid crisis,/home/jncsnlp4/SSD2/tb/data/MR2-en/train/img/7492.jpg,0
421,"Benjamin Netanyahu will be invited on Sunday to form Israel's next government,",/home/jncsnlp4/SSD2/tb/data/MR2-en/train/img/7493.jpg,0
422,"A Los Angeles jury has found embattled comedian Bill Cosby guilty in a civil trial filed by Judy Huth,",/home/jncsnlp4/SSD2/tb/data/MR2-en/train/img/7494.jpg,0
423,A federal judge in Florida has struck down the Biden administration's mask mandate for airplanes and other public transport methods.,/home/jncsnlp4/SSD2/tb/data/MR2-en/train/img/7495.jpg,0
424,"The median price for a home in January was ,",/home/jncsnlp4/SSD2/tb/data/MR2-en/train/img/7496.jpg,0
425,"Senate votes to advance a bill that would codify federal protections for samesex marriage,",/home/jncsnlp4/SSD2/tb/data/MR2-en/train/img/7497.jpg,0
426,Federal judge denies Trumps attempt to withhold records from the House committee investigating January ,/home/jncsnlp4/SSD2/tb/data/MR2-en/train/img/7498.jpg,0
427, Supreme Court overturns Roe v.,/home/jncsnlp4/SSD2/tb/data/MR2-en/train/img/7499.jpg,0
428,"Poliovirus has been detected in wastewater samples in New York City,",/home/jncsnlp4/SSD2/tb/data/MR2-en/train/img/7500.jpg,0
429,Elon Musk tells Twitter hell go forward with his acquisition of the company at the originally offered price of billion.,/home/jncsnlp4/SSD2/tb/data/MR2-en/train/img/7501.jpg,0
430,White House says classified documents from the Obama administration were found at President Bidens home in Delaware.,/home/jncsnlp4/SSD2/tb/data/MR2-en/train/img/7502.jpg,0
431,The US Coast Guard says it's working to rescue people who became trapped on a floating sheet of ice near Catawba Island on Lake Erie,/home/jncsnlp4/SSD2/tb/data/MR2-en/train/img/7503.jpg,0
432,Cristiano Ronaldo has been left out of Portugal's starting lineup against Switzerland,/home/jncsnlp4/SSD2/tb/data/MR2-en/train/img/7504.jpg,0
433,"John Fetterman,",/home/jncsnlp4/SSD2/tb/data/MR2-en/train/img/7505.jpg,0
434,"New York City Mayor Eric Adams tests positive for Covid and will cancel events for the rest of the week,",/home/jncsnlp4/SSD2/tb/data/MR2-en/train/img/7506.jpg,0
435,The Washington Nationals game against the Philadelphia Phillies tonight has been postponed due to a Covid issue within the Nationals organization,/home/jncsnlp4/SSD2/tb/data/MR2-en/train/img/7507.jpg,0
436,Italian Prime Minister Mario Draghi says he will resign after his government loses the support of a coalition partner,/home/jncsnlp4/SSD2/tb/data/MR2-en/train/img/7508.jpg,0
437,"January committee members are discussing whether to call conservative activist Ginni Thomas to testify,",/home/jncsnlp4/SSD2/tb/data/MR2-en/train/img/7509.jpg,0
438,Abdulrazak Gurnah is awarded the Nobel Prize in literature for his uncompromising and passionate portrayals of the effects of colonialism,/home/jncsnlp4/SSD2/tb/data/MR2-en/train/img/7510.jpg,0
439,Pfizer requests FDA authorization for Covid vaccine boosters for all adults and over,/home/jncsnlp4/SSD2/tb/data/MR2-en/train/img/7511.jpg,0
440,"The Braves held an early lead to win Game of the World Series,",/home/jncsnlp4/SSD2/tb/data/MR2-en/train/img/7512.jpg,0
441,"The Director of National Intelligence said the agency will conduct a damage assessment of the boxes of documents that were seized from former President Trump's MaraLago home,",/home/jncsnlp4/SSD2/tb/data/MR2-en/train/img/7513.jpg,0
442," At least people killed in mass shooting at supermarket in Buffalo,",/home/jncsnlp4/SSD2/tb/data/MR2-en/train/img/7514.jpg,0
443,"yearold David Chou,",/home/jncsnlp4/SSD2/tb/data/MR2-en/train/img/7515.jpg,0
444,"Powell was fully vaccinated from Covid,",/home/jncsnlp4/SSD2/tb/data/MR2-en/train/img/7516.jpg,0
445,US skiing star Mikaela Shiffrin crashes out of the alpine combined slalom at the Winter Olympics,/home/jncsnlp4/SSD2/tb/data/MR2-en/train/img/7517.jpg,0
446,The Jan.,/home/jncsnlp4/SSD2/tb/data/MR2-en/train/img/7518.jpg,0
447,"Two documents with classified markings were found in a Florida storage unit during a search by a team that former President Donald Trump's lawyers hired,",/home/jncsnlp4/SSD2/tb/data/MR2-en/train/img/7519.jpg,0
448,"President Biden's aides found more pages of classified information at his home in Wilmington,",/home/jncsnlp4/SSD2/tb/data/MR2-en/train/img/7520.jpg,0
449,Court grants injunction to a Canadian city to end blockade at critical bridge connecting to the US,/home/jncsnlp4/SSD2/tb/data/MR2-en/train/img/7521.jpg,0
450,Novo Nordisk says it will lower the U.,/home/jncsnlp4/SSD2/tb/data/MR2-en/train/img/7522.jpg,0
451,"For the first time in more than a month,",/home/jncsnlp4/SSD2/tb/data/MR2-en/train/img/7523.jpg,0
452,"Harvey Weinstein has been granted an appeal,",/home/jncsnlp4/SSD2/tb/data/MR2-en/train/img/7524.jpg,0
453,"A tiny radioactive capsule missing on a remote Australian highway has been found,",/home/jncsnlp4/SSD2/tb/data/MR2-en/train/img/7525.jpg,0
454,"US home building fell again in January,",/home/jncsnlp4/SSD2/tb/data/MR2-en/train/img/7526.jpg,0
455,"Kevin Spacey will have to pay almost million to Media Rights Capital,",/home/jncsnlp4/SSD2/tb/data/MR2-en/train/img/7527.jpg,0
456,Trump and GOP Rep.,/home/jncsnlp4/SSD2/tb/data/MR2-en/train/img/7528.jpg,0
457,Jurors have reached a verdict in the trial of alleged Oath Keepers leaders charged with seditious conspiracy and other counts.,/home/jncsnlp4/SSD2/tb/data/MR2-en/train/img/7529.jpg,0
458,"Multiple Biden aides have been interviewed by federal law enforcement officials reviewing how classified documents ended up in Bidens Delaware residence and a Washington office,",/home/jncsnlp4/SSD2/tb/data/MR2-en/train/img/7530.jpg,0
459,Actor Kevin Spacey appears in a London court on charges of sexual assault,/home/jncsnlp4/SSD2/tb/data/MR2-en/train/img/7531.jpg,0
460,"US Secretary of State Blinken said he was speaking to the United Nations about Russia and Ukraine not to start a war,",/home/jncsnlp4/SSD2/tb/data/MR2-en/train/img/7532.jpg,0
461,Attorney General Merrick Garland will name a special counsel to determine whether former President Donald Trump should face charges related to Justice Department investigations,/home/jncsnlp4/SSD2/tb/data/MR2-en/train/img/7533.jpg,0
462,"President Biden plans to speak with Russian President Vladimir Putin on Saturday,",/home/jncsnlp4/SSD2/tb/data/MR2-en/train/img/7534.jpg,0
463,"Russia says that its forces have taken control of Soledar in eastern Ukraine,",/home/jncsnlp4/SSD2/tb/data/MR2-en/train/img/7535.jpg,0
464,The centerleft SPD party is ahead in exit polls as voting ends in Germany's election but the final result remains uncertain.,/home/jncsnlp4/SSD2/tb/data/MR2-en/train/img/7536.jpg,0
465,"Inflation in the United Kingdom hit a new year high last month,",/home/jncsnlp4/SSD2/tb/data/MR2-en/train/img/7537.jpg,0
466,A California jury has ruled that Elon Musk is not liable for Tesla shareholder losses after his controversial tweet about taking Tesla private from ,/home/jncsnlp4/SSD2/tb/data/MR2-en/train/img/7538.jpg,0
467,US markets tumbled Tuesday as a selloff spurred by fears of an economic slowdown continued.,/home/jncsnlp4/SSD2/tb/data/MR2-en/train/img/7539.jpg,0
468,Conservative election attorney Ben Ginsberg will testify to the House January investigative committee during its next public hearing tomorrow,/home/jncsnlp4/SSD2/tb/data/MR2-en/train/img/7540.jpg,0
469,"Wanda Sykes,",/home/jncsnlp4/SSD2/tb/data/MR2-en/train/img/7541.jpg,0
470,A Texas real estate agent who previously claimed she was definitely not going to jail for storming the US Capitol on Jan.,/home/jncsnlp4/SSD2/tb/data/MR2-en/train/img/7542.jpg,0
471,"The Biden administration is pursuing a plan to boost domestic Covid vaccine manufacturing to help global supply,",/home/jncsnlp4/SSD2/tb/data/MR2-en/train/img/7543.jpg,0
472,"In front of a record crowd,",/home/jncsnlp4/SSD2/tb/data/MR2-en/train/img/7544.jpg,0
473,"Multiple people have been injured in a shooting in Lakeland,",/home/jncsnlp4/SSD2/tb/data/MR2-en/train/img/7545.jpg,0
474,A draft U.,/home/jncsnlp4/SSD2/tb/data/MR2-en/train/img/7546.jpg,0
475,The White House says US District Court Judge J.,/home/jncsnlp4/SSD2/tb/data/MR2-en/train/img/7547.jpg,0
476,A QAnon believer who chased U.,/home/jncsnlp4/SSD2/tb/data/MR2-en/train/img/7548.jpg,0
477,"China begins military exercises in the Taiwan Strait,",/home/jncsnlp4/SSD2/tb/data/MR2-en/train/img/7549.jpg,0
478,FDA committee votes in favor of granting emergency use authorization for Pfizer's Covid vaccine in children ages to ,/home/jncsnlp4/SSD2/tb/data/MR2-en/train/img/7550.jpg,0
479,Sri Lankan President Rajapaksa resigns after fleeing to the Maldives following protests over the country's worst economic crisis in years.,/home/jncsnlp4/SSD2/tb/data/MR2-en/train/img/7551.jpg,0
480,"A yearold Georgia student who was shot in the head while waiting for a school bus has died,",/home/jncsnlp4/SSD2/tb/data/MR2-en/train/img/7552.jpg,0
481,Karine JeanPierre will become the new White House press secretary when Jen Psaki departs her role in the coming weeks.,/home/jncsnlp4/SSD2/tb/data/MR2-en/train/img/7553.jpg,0
482,"Daniel Foote,",/home/jncsnlp4/SSD2/tb/data/MR2-en/train/img/7554.jpg,0
483,Hurricane Nicole makes landfall in Florida with mph winds.,/home/jncsnlp4/SSD2/tb/data/MR2-en/train/img/7555.jpg,0
484,"Ketanji Brown Jackson has been sworn in as a Supreme Court justice,",/home/jncsnlp4/SSD2/tb/data/MR2-en/train/img/7556.jpg,0
485,The man suspected of stabbing author Salman Rushdie pleads not guilty to attempted murder and assault charges.,/home/jncsnlp4/SSD2/tb/data/MR2-en/train/img/7557.jpg,0
486,"Chelsea FC's Russian owner,",/home/jncsnlp4/SSD2/tb/data/MR2-en/train/img/7558.jpg,0
487,Dr.,/home/jncsnlp4/SSD2/tb/data/MR2-en/train/img/7559.jpg,0
488,"The White House on Thursday announced the latest round of sanctions over Russia's invasion of Ukraine,",/home/jncsnlp4/SSD2/tb/data/MR2-en/train/img/7560.jpg,0
489,The Kentucky Horse Racing Commission says Medina Spirit's victory at the Kentucky Derby has been disqualified.,/home/jncsnlp4/SSD2/tb/data/MR2-en/train/img/7561.jpg,0
490,Former Hollywood mogul Harvey Weinstein has been sentenced to years in a Los Angeles rape case.,/home/jncsnlp4/SSD2/tb/data/MR2-en/train/img/7562.jpg,0
491,Jury rules that Elon Musk is not liable for losses in lawsuit brought by Tesla investors over a tweet where he claimed he had secured funding to take the company private.,/home/jncsnlp4/SSD2/tb/data/MR2-en/train/img/7563.jpg,0
492,Most of the permanent residents of a volcanic Italian island have been told to evacuate after levels of carbon dioxide in the air spiked dangerously,/home/jncsnlp4/SSD2/tb/data/MR2-en/train/img/7564.jpg,0
493,"Claude Joseph,",/home/jncsnlp4/SSD2/tb/data/MR2-en/train/img/7565.jpg,0
494,"A failed New Mexico state House candidate visited the homes of local Democratic leaders to dispute his election loss before he allegedly orchestrated a series of shootings at their residences,",/home/jncsnlp4/SSD2/tb/data/MR2-en/train/img/7566.jpg,0
495,"Christine McVie,",/home/jncsnlp4/SSD2/tb/data/MR2-en/train/img/7567.jpg,0
496,Senate Minority Leader Mitch McConnell has been hospitalized after falling at a private dinner.,/home/jncsnlp4/SSD2/tb/data/MR2-en/train/img/7568.jpg,0
497,The Senate passes a landmark bipartisan bill to protect samesex and interracial marriage.,/home/jncsnlp4/SSD2/tb/data/MR2-en/train/img/7569.jpg,0
498,The chair of the House committee investigating the Jan.,/home/jncsnlp4/SSD2/tb/data/MR2-en/train/img/7570.jpg,0
499,"President Biden has tested positive for Covid and is experiencing very mild symptoms,",/home/jncsnlp4/SSD2/tb/data/MR2-en/train/img/7571.jpg,0
500,Indiana Republican Rep.,/home/jncsnlp4/SSD2/tb/data/MR2-en/train/img/7572.jpg,0
501,British Prime Minister Boris Johnson appears in Ukraine's capital in a show of solidarity six months after Russia's invasion,/home/jncsnlp4/SSD2/tb/data/MR2-en/train/img/7573.jpg,0
502,"FDA advisers vote to recommend authorizing Modernas Covid vaccine for children ages months to years,",/home/jncsnlp4/SSD2/tb/data/MR2-en/train/img/7574.jpg,0
503,"Roger Federer,",/home/jncsnlp4/SSD2/tb/data/MR2-en/train/img/7575.jpg,0
504,Wall Street logs its worst month of the year and ends its final trading day of the quarter in the red,/home/jncsnlp4/SSD2/tb/data/MR2-en/train/img/7576.jpg,0
505,Ted Lasso Season Trailer Proves a Battle Is Brewing,/home/jncsnlp4/SSD2/tb/data/MR2-en/train/img/7577.jpg,0
506,"Britain's heirtothethrone Prince Charles and Prince William took center stage at the opening of parliament on Tuesday,",/home/jncsnlp4/SSD2/tb/data/MR2-en/train/img/7578.jpg,0
507,"Two men were arrested in the English city of Manchester on Wednesday as part of the investigation into the hostage standoff in Colleyville,",/home/jncsnlp4/SSD2/tb/data/MR2-en/train/img/7579.jpg,0
508,Hayden Panettiere's Family Reveals Jansen Panettiere's Cause of Death,/home/jncsnlp4/SSD2/tb/data/MR2-en/train/img/7580.jpg,0
509,Mitch McConnell backs former football star Herschel Walker's Senate bid in Georgia after initially holding concerns about the GOP candidate's viability,/home/jncsnlp4/SSD2/tb/data/MR2-en/train/img/7581.jpg,0
510,Former President Trump asks the Supreme Court to block House Democrats from accessing his tax records.,/home/jncsnlp4/SSD2/tb/data/MR2-en/train/img/7582.jpg,0
511,"President Biden harshly condemns images of Border Patrol agents on horseback rounding up Haitian migrant families,",/home/jncsnlp4/SSD2/tb/data/MR2-en/train/img/7583.jpg,0
512,"The UK has recorded its hottest day ever,",/home/jncsnlp4/SSD2/tb/data/MR2-en/train/img/7584.jpg,0
513,The January committee is investigating the tour a Georgia Republican lawmaker gave to visitors the day before rioters stormed the building,/home/jncsnlp4/SSD2/tb/data/MR2-en/train/img/7585.jpg,0
514,Emily Blunt Turns Heads in Her Floral Look for the SAG Awards,/home/jncsnlp4/SSD2/tb/data/MR2-en/train/img/7586.jpg,0
515,Why Malaysia Pargo Is Stepping Back From Basketball Wives,/home/jncsnlp4/SSD2/tb/data/MR2-en/train/img/7587.jpg,0
516,"Former Israeli Prime Minister Benjamin Netanyahu makes a comeback with election victory,",/home/jncsnlp4/SSD2/tb/data/MR2-en/train/img/7588.jpg,0
517,"Four people were killed and three were injured,",/home/jncsnlp4/SSD2/tb/data/MR2-en/train/img/7589.jpg,0
518,"A yearold man has been killed in a shooting attack in Jerusalem's Old City,",/home/jncsnlp4/SSD2/tb/data/MR2-en/train/img/7590.jpg,0
519,Service members who were kicked out of the U.,/home/jncsnlp4/SSD2/tb/data/MR2-en/train/img/7591.jpg,0
520,Grand jury indicts embattled South Carolina attorney Alex Murdaugh on murder charges in the slayings of his wife and son.,/home/jncsnlp4/SSD2/tb/data/MR2-en/train/img/7592.jpg,0
521,The Rams will play the Bengals in Super Bowl LVI.,/home/jncsnlp4/SSD2/tb/data/MR2-en/train/img/7593.jpg,0
522,"Uvalde school board unanimously votes to fire school Police Chief Pete Arredondo,",/home/jncsnlp4/SSD2/tb/data/MR2-en/train/img/7594.jpg,0
523,Japanese fashion designer Issey Miyake has died from cancer aged ,/home/jncsnlp4/SSD2/tb/data/MR2-en/train/img/7595.jpg,0
524,The House will reschedule its vote on Biden's economic bill after Minority Leader Kevin McCarthy delayed proceedings with a hour speech,/home/jncsnlp4/SSD2/tb/data/MR2-en/train/img/7596.jpg,0
525,"Putin faces global condemnation as Russian forces launch multipronged invasion,",/home/jncsnlp4/SSD2/tb/data/MR2-en/train/img/7597.jpg,0
526,"Zaila Avantgarde,",/home/jncsnlp4/SSD2/tb/data/MR2-en/train/img/7598.jpg,0
527,Shalanda Young becomes the first Black woman to lead the White House budget office after the Senate confirmed her with bipartisan support,/home/jncsnlp4/SSD2/tb/data/MR2-en/train/img/7599.jpg,0
528,"An assistant to the US House SergeantAtArms has been arrested on child pornography charges,",/home/jncsnlp4/SSD2/tb/data/MR2-en/train/img/7600.jpg,0
529,"Former MMA fighter Scott Fairlamb becomes the first US Capitol rioter to be sentenced for January violence against police,",/home/jncsnlp4/SSD2/tb/data/MR2-en/train/img/7601.jpg,0
530,A .,/home/jncsnlp4/SSD2/tb/data/MR2-en/train/img/7602.jpg,0
531,The Plazacore Trend Will Have You Feeling Like Blair Waldorf IRL,/home/jncsnlp4/SSD2/tb/data/MR2-en/train/img/7603.jpg,0
532,"Two planes have collided during the Wings Over Dallas air show at Dallas Executive Airport,",/home/jncsnlp4/SSD2/tb/data/MR2-en/train/img/7604.jpg,0
533,The European Union has launched new legal proceedings against the United Kingdom over its failure to implement parts of the postBrexit deal it agreed with the bloc,/home/jncsnlp4/SSD2/tb/data/MR2-en/train/img/7605.jpg,0
534,"A key inflation metric showed wholesale prices picked up in January from December but continued to cool on an annual basis,",/home/jncsnlp4/SSD2/tb/data/MR2-en/train/img/7606.jpg,0
535,The Democratled House of Representatives on Tuesday voted to pass a bill that would enshrine protections for samesex marriage into federal law.,/home/jncsnlp4/SSD2/tb/data/MR2-en/train/img/7607.jpg,0
536,Japan's former top diplomat Fumio Kishida has been elected leader of the country's ruling party clearing a path for him to become Prime Minister,/home/jncsnlp4/SSD2/tb/data/MR2-en/train/img/7608.jpg,0
537,Rafael Nadal wins the French Open in straight sets and extends his own record for a nd men's singles grand slam title,/home/jncsnlp4/SSD2/tb/data/MR2-en/train/img/7609.jpg,0
538,"Discovery's merger with CNN parent company WarnerMedia takes effect,",/home/jncsnlp4/SSD2/tb/data/MR2-en/train/img/7610.jpg,0
539,Julius Jones is granted clemency by Oklahoma Gov.,/home/jncsnlp4/SSD2/tb/data/MR2-en/train/img/7611.jpg,0
540,Maryland Sen.,/home/jncsnlp4/SSD2/tb/data/MR2-en/train/img/7612.jpg,0
541,The Supreme Court has tossed out a Republican effort to intervene in a case challenging a Trumpera immigration policy,/home/jncsnlp4/SSD2/tb/data/MR2-en/train/img/7613.jpg,0
542,"At least dead and more than injured after driver of SUV slams into holiday parade route in downtown Waukesha,",/home/jncsnlp4/SSD2/tb/data/MR2-en/train/img/7614.jpg,0
543,"A jury finds Infowars conspiracy theorist Alex Jones must pay million in damages to a Sandy Hook victim's parents for defamation,",/home/jncsnlp4/SSD2/tb/data/MR2-en/train/img/7615.jpg,0
544,Alaska GOP Rep.,/home/jncsnlp4/SSD2/tb/data/MR2-en/train/img/7616.jpg,0
545,NASA is planning to launch its Artemis I moon mission on Saturday after an engine issue scrubbed Monday's attempt.,/home/jncsnlp4/SSD2/tb/data/MR2-en/train/img/7617.jpg,0
546,The former Texas police officer who fatally shot Atatiana Jefferson through a window of her home in October has been sentenced to years and months in prison.,/home/jncsnlp4/SSD2/tb/data/MR2-en/train/img/7618.jpg,0
547,"At least people were killed after a fire broke out at a church in Giza,",/home/jncsnlp4/SSD2/tb/data/MR2-en/train/img/7619.jpg,0
548,"John Fetterman,",/home/jncsnlp4/SSD2/tb/data/MR2-en/train/img/7620.jpg,0
549,Summer House See Chris Fail Hard at Flirting With Ciara,/home/jncsnlp4/SSD2/tb/data/MR2-en/train/img/7621.jpg,0
550,Pfizer seeks FDA emergency use authorization for its Covid vaccine in kids as young as months,/home/jncsnlp4/SSD2/tb/data/MR2-en/train/img/7622.jpg,0
551,"The President of Emirates tells CNN that the airline was not aware of some of the potential G rollout issues until yesterday morning,",/home/jncsnlp4/SSD2/tb/data/MR2-en/train/img/7623.jpg,0
552,Stocks surge on positive earnings news from JPMorgan Chase and other banks as investors pause their May selloff.,/home/jncsnlp4/SSD2/tb/data/MR2-en/train/img/7624.jpg,0
553,President Biden says he will take executive action to pardon all prior federal offenses of simple marijuana possession.,/home/jncsnlp4/SSD2/tb/data/MR2-en/train/img/7625.jpg,0
554,"Former Major League Baseball player Jeremy Giambi has died at age ,",/home/jncsnlp4/SSD2/tb/data/MR2-en/train/img/7626.jpg,0
555," students and a teacher are dead after an yearold man opened fire at an elementary school in Uvalde,",/home/jncsnlp4/SSD2/tb/data/MR2-en/train/img/7627.jpg,0
556,President Biden says nothing suggests that the three objects shot down last weekend were related to China's spy balloon program,/home/jncsnlp4/SSD2/tb/data/MR2-en/train/img/7628.jpg,0
557,Lisa Ann Walter Reveals Whether Shes Down For a Parent Trap ,/home/jncsnlp4/SSD2/tb/data/MR2-en/train/img/7629.jpg,0
558,Family Karma See Every Photo From Amrit Nicholas' Wedding,/home/jncsnlp4/SSD2/tb/data/MR2-en/train/img/7630.jpg,0
559,Brazil's Health Minister Marcelo Queiroga tests positive for Covid at the U.,/home/jncsnlp4/SSD2/tb/data/MR2-en/train/img/7631.jpg,0
560,Hurricane Nicole makes landfall on Floridas Atlantic coast as a Category storm.,/home/jncsnlp4/SSD2/tb/data/MR2-en/train/img/7632.jpg,0
561,"The SEC has charged eight influencers with securities fraud after they were part of a million scheme to use Twitter and Discord to manipulate the price of certain stocks,",/home/jncsnlp4/SSD2/tb/data/MR2-en/train/img/7633.jpg,0
562,"A person of interest linked to the slayings of four University of Idaho students has been taken into custody in Pennsylvania,",/home/jncsnlp4/SSD2/tb/data/MR2-en/train/img/7634.jpg,0
563,Parkland shooter Nikolas Cruz pleads guilty to the February massacre at the South Florida high school that left people dead,/home/jncsnlp4/SSD2/tb/data/MR2-en/train/img/7635.jpg,0
564,Former New York City Mayor Bill de Blasio has announced he's running for Congress from the state's redrawn th Congressional District,/home/jncsnlp4/SSD2/tb/data/MR2-en/train/img/7636.jpg,0
565,"Putin's reputed girlfriend Alina Kabaeva included in proposed EU sanctions list,",/home/jncsnlp4/SSD2/tb/data/MR2-en/train/img/7637.jpg,0
566,Ukrainian President Zelensky says people have been rescued from the bombed theater in the city of Mariupol so far,/home/jncsnlp4/SSD2/tb/data/MR2-en/train/img/7638.jpg,0
567,"The suspect in the Washington,",/home/jncsnlp4/SSD2/tb/data/MR2-en/train/img/7639.jpg,0
568," House passes the most expansive gun legislation in nearly years,",/home/jncsnlp4/SSD2/tb/data/MR2-en/train/img/7640.jpg,0
569,A federal judge rules GOP Sen.,/home/jncsnlp4/SSD2/tb/data/MR2-en/train/img/7641.jpg,0
570,President Biden is calling on major oil refinery companies to take immediate actions to ramp up supply as Americans continue to see soaring prices at the gas pump,/home/jncsnlp4/SSD2/tb/data/MR2-en/train/img/7642.jpg,0
571,The US accelerates its monkeypox response effort with .,/home/jncsnlp4/SSD2/tb/data/MR2-en/train/img/7643.jpg,0
572,JUST IN The Nobel Prize in economics has been split between three economic scientists for contributions to labor economics and the analysis of cause and effect,/home/jncsnlp4/SSD2/tb/data/MR2-en/train/img/7644.jpg,0
573,"President Bidens top aides have been quietly building a campaign effort as they await a final decision on his political future,",/home/jncsnlp4/SSD2/tb/data/MR2-en/train/img/7645.jpg,0
574,"Pittsburgh Steelers quarterback Ben Roethlisberger,",/home/jncsnlp4/SSD2/tb/data/MR2-en/train/img/7646.jpg,0
575,"Former Las Vegas Raiders coach Jon Gruden sued the NFL and Commissioner Roger Goodell,",/home/jncsnlp4/SSD2/tb/data/MR2-en/train/img/7647.jpg,0
576, President Biden says he ordered the Pentagon to shoot down the Chinese spy balloon.,/home/jncsnlp4/SSD2/tb/data/MR2-en/train/img/7648.jpg,0
577,"Pittsburgh Steelers quarterback Dwayne Haskins has died,",/home/jncsnlp4/SSD2/tb/data/MR2-en/train/img/7649.jpg,0
578,"Finland's government says it formally wishes to join NATO,",/home/jncsnlp4/SSD2/tb/data/MR2-en/train/img/7650.jpg,0
579,"At least people have been killed due to severe flooding in Western Europe,",/home/jncsnlp4/SSD2/tb/data/MR2-en/train/img/7651.jpg,0
580,The Justice Department has offered to begin settlement discussions with sexual assault survivors of disgraced former USA Gymnastics team doctor Larry Nassar.,/home/jncsnlp4/SSD2/tb/data/MR2-en/train/img/7652.jpg,0
581," Former President Trump says he expects to be arrested Tuesday in hush money probe,",/home/jncsnlp4/SSD2/tb/data/MR2-en/train/img/7653.jpg,0
582,President Biden will present the framework of his .,/home/jncsnlp4/SSD2/tb/data/MR2-en/train/img/7654.jpg,0
583,"A sixth Memphis police officer involved in Tyre Nichols arrest has been relieved of duty,",/home/jncsnlp4/SSD2/tb/data/MR2-en/train/img/7655.jpg,0
584,"Cleveland Browns quarterback Deshaun Watson has reached confidential settlements with all but four women who accused him of sexual misconduct during massage sessions,",/home/jncsnlp4/SSD2/tb/data/MR2-en/train/img/7656.jpg,0
585,"Veteran news anchor Brian Williams,",/home/jncsnlp4/SSD2/tb/data/MR2-en/train/img/7657.jpg,0
586,"Model Abby Choi Dead at ExHusband,",/home/jncsnlp4/SSD2/tb/data/MR2-en/train/img/7658.jpg,0
587,Stocks slide again as simmering RussiaUkraine tensions rattle investors.,/home/jncsnlp4/SSD2/tb/data/MR2-en/train/img/7659.jpg,0
588,Why the TikTokFamous Drunk Elephant DBronzi Drops Keep Selling Out,/home/jncsnlp4/SSD2/tb/data/MR2-en/train/img/7660.jpg,0
589,"Golden State Warriors beat Boston Celtics in Game of the NBA Finals,",/home/jncsnlp4/SSD2/tb/data/MR2-en/train/img/7661.jpg,0
590,Nearly dead as .,/home/jncsnlp4/SSD2/tb/data/MR2-en/train/img/7662.jpg,0
591,Former President Donald Trump's legal team has asked a federal judge to appoint a special master to ensure the Justice Department returns any private documents seized during the MaraLago search,/home/jncsnlp4/SSD2/tb/data/MR2-en/train/img/7663.jpg,0
592,Russia is plundering Sudanese riches to aid Putin's war in Ukraine and helping to prop up the country's military rulers,/home/jncsnlp4/SSD2/tb/data/MR2-en/train/img/7664.jpg,0
593,The Academy of Motion Pictures Arts and Sciences says it condemns Will Smith's actions at the Oscars and has opened a formal review of the onstage incident involving Chris Rock,/home/jncsnlp4/SSD2/tb/data/MR2-en/train/img/7665.jpg,0
594,Rich Strike wins the th running of the Kentucky Derby in a surprise upset.,/home/jncsnlp4/SSD2/tb/data/MR2-en/train/img/7666.jpg,0
595,NBA star LeBron James was suspended for one game after striking an opponent in the face during Sunday's game against the Pistons.,/home/jncsnlp4/SSD2/tb/data/MR2-en/train/img/7667.jpg,0
596,"A federal judge has given final approval of a million settlement for people affected by the Michigan city's water crisis,",/home/jncsnlp4/SSD2/tb/data/MR2-en/train/img/7668.jpg,0
597,"Trump's former White House ethics lawyer told Cassidy Hutchinson to give misleading testimony to the January committee,",/home/jncsnlp4/SSD2/tb/data/MR2-en/train/img/7669.jpg,0
598,"Twitter CEO Jack Dorsey intends to step down,",/home/jncsnlp4/SSD2/tb/data/MR2-en/train/img/7670.jpg,0
599,The Federal Reserve has raised interest rates by threequarters of a percentage point its largest hike since to address raging US inflation,/home/jncsnlp4/SSD2/tb/data/MR2-en/train/img/7671.jpg,0
